Rk,Player,Tm,FantPos,Age,G,GS,Cmp,Att,Yds,TD,Int,Att,Yds,Y/A,TD,Tgt,Rec,Yds,Y/R,TD,Fmb,FL,TD,2:00 PM,2PP,FantPt,PPR,DKPt,FDPt,VBD,PosRank,OvRank,-9999
1,David Johnson,ARI,RB,25,16,16,0,0,0,0,0,293,1239,4.23,16,120,80,879,10.99,4,5,3,20,1,,328,407.8,416.8,367.8,191,1,1,JohnDa08
2,Ezekiel Elliott,DAL,RB,21,15,15,0,0,0,0,0,322,1631,5.07,15,39,32,363,11.34,1,5,1,16,,,293,325.4,332.4,309.4,156,2,2,ElliEz00
3,Aaron Rodgers,GNB,QB,33,16,16,401,610,4428,40,7,67,369,5.51,4,0,0,0,,0,8,4,4,1,1,380,380,397,387,119,1,3,RodgAa00
4,LeSean McCoy,BUF,RB,28,15,15,0,0,0,0,0,234,1267,5.41,13,57,50,356,7.12,1,3,0,14,1,,248,298.3,304.3,273.3,111,3,4,McCoLe01
5,Le'Veon Bell,PIT,RB,24,12,12,0,1,0,0,0,261,1268,4.86,7,94,75,616,8.21,2,4,1,9,1,,242,317.4,324.4,279.9,105,4,5,BellLe00
6,DeMarco Murray,TEN,RB,28,16,16,1,2,10,1,0,293,1287,4.39,9,67,53,377,7.11,3,3,1,12,,,241,293.8,300.8,267.3,104,5,6,MurrDe00
7,Devonta Freeman,ATL,RB,24,16,16,0,0,0,0,0,227,1079,4.75,11,65,54,462,8.56,2,1,1,13,,,230,284.1,291.1,257.1,93,6,7,FreeDe00
8,LeGarrette Blount,NWE,RB,30,16,8,0,0,0,0,0,299,1161,3.88,18,8,7,38,5.43,0,2,1,18,,,226,232.9,236.9,229.4,89,7,8,BlouLe00
9,Matt Ryan,ATL,QB,31,16,16,373,534,4944,38,7,35,117,3.34,0,0,0,0,,0,4,2,0,1,1,347,347.5,362.5,354.5,87,2,9,RyanMa00
10,Mike Evans,TAM,WR,23,16,16,0,0,0,0,0,0,0,,0,173,96,1321,13.76,12,0,0,12,2,,208,304.1,307.1,256.1,82,1,10,EvanMi00
11,Jordy Nelson,GNB,WR,31,16,16,0,0,0,0,0,0,0,,0,152,97,1257,12.96,14,1,1,14,,,208,304.7,308.7,256.2,82,2,11,NelsJo00
12,Antonio Brown,PIT,WR,28,15,15,0,0,0,0,0,3,9,3,0,154,106,1284,12.11,12,0,0,12,,,201,307.3,310.3,254.3,75,3,12,BrowAn04
13,Melvin Gordon,SDG,RB,23,13,11,0,0,0,0,0,254,997,3.93,10,57,41,419,10.22,2,2,2,12,,,210,250.6,258.6,230.1,73,8,13,GordMe00
14,Drew Brees,NOR,QB,37,16,16,471,673,5208,37,15,23,20,0.87,2,0,0,0,,0,5,4,2,,,332,332.3,354.3,347.3,72,3,14,BreeDr00
15,Odell Beckham Jr.,NYG,WR,24,16,16,0,0,0,0,0,1,9,9,0,169,101,1367,13.53,10,3,1,10,,,196,296.6,300.6,246.1,69,4,15,BeckOd00
16,Jordan Howard,CHI,RB,22,15,13,0,0,0,0,0,252,1313,5.21,6,50,29,298,10.28,1,2,1,7,,,201,230.1,237.1,215.6,64,9,16,HowaJo00
17,Mark Ingram,NOR,RB,27,16,14,0,0,0,0,0,205,1043,5.09,6,58,46,319,6.93,4,2,2,10,2,,196,242.2,250.2,219.2,59,10,17,IngrMa01
18,T.Y. Hilton,IND,WR,27,16,16,0,0,0,0,0,0,0,,0,155,91,1448,15.91,6,0,0,6,1,,183,273.8,276.8,228.3,57,5,18,HiltT.00
19,Jay Ajayi,MIA,RB,23,15,12,0,0,0,0,0,260,1272,4.89,8,35,27,151,5.59,0,4,1,8,,,188,215.3,222.3,201.8,51,11,19,AjayJa00
20,Travis Kelce,KAN,TE,27,16,15,0,0,0,0,0,1,-5,-5,0,117,85,1125,13.24,4,0,0,4,1,,138,223,226,180.5,51,1,20,KelcTr00
21,Julio Jones,ATL,WR,27,14,14,0,0,0,0,0,0,0,,0,129,83,1409,16.98,6,0,0,6,,,177,259.9,262.9,218.4,51,6,21,JoneJu02
22,Andrew Luck,IND,QB,27,15,15,346,545,4240,31,13,64,341,5.33,2,0,0,0,,0,6,5,2,,2,308,307.7,331.7,320.7,47,4,22,LuckAn00
23,Davante Adams,GNB,WR,24,16,15,0,0,0,0,0,0,0,,0,121,75,997,13.29,12,2,1,12,1,,172,246.7,250.7,209.2,46,7,23,AdamDa01
24,Brandin Cooks,NOR,WR,23,16,12,0,0,0,0,0,6,30,5,0,117,78,1173,15.04,8,1,0,8,,,168,246.3,249.3,207.3,42,8,24,CookBr00
25,Greg Olsen,CAR,TE,31,16,16,0,0,0,0,0,0,0,,0,129,80,1073,13.41,3,0,0,3,1,,127,207.3,210.3,167.3,40,2,25,OlseGr00
26,Kirk Cousins,WAS,QB,28,16,16,406,606,4917,25,12,34,96,2.82,4,0,0,0,,0,9,3,4,,,300,300.3,318.3,312.3,40,5,26,CousKi00
27,Frank Gore,IND,RB,33,16,16,0,0,0,0,0,263,1025,3.9,4,47,38,277,7.29,4,2,1,8,,,176,214.2,221.2,195.2,39,12,27,GoreFr00
28,Kyle Rudolph,MIN,TE,27,16,16,0,0,0,0,0,0,0,,0,132,83,840,10.12,7,0,0,7,,,126,209,212,167.5,39,3,28,RudoKy00
29,Latavius Murray,OAK,RB,26,14,12,0,0,0,0,0,195,788,4.04,12,43,33,264,8,0,2,1,12,,,175,208.2,215.2,191.7,38,13,29,MurrLa00
30,Michael Thomas,NOR,WR,23,15,12,0,0,0,0,0,0,0,,0,121,92,1137,12.36,9,2,2,9,,,164,255.7,260.7,209.7,38,9,30,ThomMi05
31,Jimmy Graham,SEA,TE,30,16,15,0,0,0,0,0,1,0,0,0,95,65,923,14.2,6,2,2,6,,,124,189.3,194.3,156.8,37,4,31,GrahJi00
32,Delanie Walker,TEN,TE,32,15,9,0,0,0,0,0,2,11,5.5,0,102,65,800,12.31,7,1,0,7,,,123,188.1,191.1,155.6,36,5,32,WalkHu00
33,Doug Baldwin,SEA,WR,28,16,15,1,1,15,1,0,3,2,0.67,0,125,94,1128,12,7,1,0,7,,,160,253.6,256.6,206.6,33,10,33,BaldDo00
34,Tyreek Hill,KAN,WR,22,16,1,0,0,0,0,0,24,267,11.13,3,83,61,593,9.72,6,4,1,12,,,156,217,224,186.5,30,11,34,HillTy00
35,Isaiah Crowell,CLE,RB,23,16,16,0,0,0,0,0,198,952,4.81,7,53,40,319,7.98,0,2,2,7,,,165,205.1,213.1,185.1,28,14,35,CrowIs00
36,Carlos Hyde,SFO,RB,26,13,13,0,0,0,0,0,217,988,4.55,6,33,27,163,6.04,3,5,3,9,1,,165,192.1,201.1,178.6,28,15,36,HydeCa00
37,Cameron Brate,TAM,TE,25,15,10,0,0,0,0,0,0,0,,0,81,57,660,11.58,8,1,0,8,,,114,171,174,142.5,27,6,37,BratCa00
38,Dak Prescott,DAL,QB,23,16,16,311,459,3667,23,4,57,282,4.95,6,0,0,0,,0,9,4,6,,,287,286.9,300.9,290.9,26,6,38,PresDa01
39,Martellus Bennett,NWE,TE,29,16,12,0,0,0,0,0,2,10,5,0,73,55,701,12.75,7,0,0,7,,,113,168.1,171.1,140.6,26,7,39,BennMa00
40,Michael Crabtree,OAK,WR,29,16,16,0,0,0,0,0,0,0,,0,145,89,1003,11.27,8,2,0,8,1,,150,239.3,242.3,194.8,24,12,40,CrabMi00
41,Spencer Ware,KAN,RB,25,14,14,0,0,0,0,0,214,921,4.3,3,42,33,447,13.55,2,4,3,5,,,161,193.8,202.8,177.3,24,16,41,WareSp00
42,Amari Cooper,OAK,WR,22,16,14,0,0,0,0,0,1,0,0,0,132,83,1153,13.89,5,2,0,5,2,,149,232.3,235.3,190.8,23,13,42,CoopAm00
43,Lamar Miller,HOU,RB,25,14,14,0,0,0,0,0,268,1073,4,5,39,31,188,6.06,1,2,1,6,,,160,191.1,198.1,175.6,23,18,43,MillLa01
44,Tevin Coleman,ATL,RB,23,13,0,0,0,0,0,0,118,520,4.41,8,40,31,421,13.58,3,1,0,11,,,160,191.1,197.1,175.6,23,17,44,ColeTe01
45,Tyrell Williams,SDG,WR,24,16,12,0,0,0,0,0,0,0,,0,119,69,1059,15.35,7,0,0,7,,,148,216.9,219.9,182.4,22,14,45,WillTy00
46,Rishard Matthews,TEN,WR,27,16,9,0,0,0,0,0,0,0,,0,108,65,945,14.54,9,1,1,9,,,147,211.5,215.5,179,20,15,46,MattRi00
47,Matthew Stafford,DET,QB,28,16,16,388,594,4327,24,10,37,207,5.59,2,1,0,0,,0,3,2,2,,1,280,279.8,297.8,289.8,19,7,47,StafMa00
48,Jeremy Hill,CIN,RB,24,15,13,0,0,0,0,0,222,839,3.78,9,27,21,174,8.29,0,0,0,9,,,155,176.3,182.3,165.8,18,19,48,HillJe01
49,Zach Ertz,PHI,TE,26,14,12,0,0,0,0,0,0,0,,0,106,78,816,10.46,4,0,0,4,,,106,183.6,186.6,144.6,18,8,49,ErtzZa00
50,Todd Gurley,LAR,RB,22,16,16,0,0,0,0,0,278,885,3.18,6,58,43,327,7.6,0,2,1,6,,,155,198.2,205.2,176.7,18,20,50,GurlTo01
51,Matt Forte,NYJ,RB,31,14,13,0,0,0,0,0,218,813,3.73,7,43,30,263,8.77,1,1,1,8,,,154,183.6,190.6,168.6,17,21,51,FortMa00
52,Jordan Reed,WAS,TE,26,12,8,0,0,0,0,0,0,0,,0,89,66,686,10.39,6,1,1,6,,,103,168.6,172.6,135.6,15,9,52,ReedJo02
53,Jarvis Landry,MIA,WR,24,16,16,0,1,0,0,0,5,17,3.4,0,131,94,1136,12.09,4,2,2,4,1,,137,231.3,236.3,184.3,11,16,53,LandJa00
54,Larry Fitzgerald,ARI,WR,33,16,16,0,1,0,0,0,2,5,2.5,0,150,107,1023,9.56,6,2,1,6,,,137,243.8,247.8,190.3,11,17,54,FitzLa00
55,Tyrod Taylor,BUF,QB,27,15,15,269,436,3023,17,6,95,580,6.11,6,0,0,0,,0,4,2,6,1,1,271,270.9,284.9,276.9,10,8,55,TaylTy00
56,Terrelle Pryor,CLE,WR,27,16,15,5,9,41,0,0,8,21,2.63,1,140,77,1007,13.08,4,1,0,5,1,,136,213.4,216.4,174.9,10,18,56,PryoTe00
57,Demaryius Thomas,DEN,WR,29,16,16,0,0,0,0,0,0,0,,0,144,90,1083,12.03,5,2,2,5,,1,136,226.3,231.3,181.3,10,19,57,ThomDe03
58,Blake Bortles,JAX,QB,24,16,16,368,625,3905,23,16,58,359,6.19,3,1,1,20,20,1,8,6,4,1,1,270,271.1,299.1,286.6,9,9,58,BortBl00
59,Kelvin Benjamin,CAR,WR,25,16,13,0,0,0,0,0,0,0,,0,118,63,941,14.94,7,1,1,7,,,134,197.1,201.1,165.6,8,20,59,BenjKe00
60,Derek Carr,OAK,QB,25,15,15,357,560,3937,28,6,39,70,1.79,0,0,0,0,,0,5,3,0,,5,268,268.5,280.5,274.5,8,10,60,CarrDe02
61,Antonio Gates,SDG,TE,36,14,9,0,0,0,0,0,0,0,,0,93,53,548,10.34,7,1,1,7,,,95,147.8,151.8,121.3,8,10,61,GateAn00
62,Russell Wilson,SEA,QB,28,16,16,353,546,4219,21,11,72,259,3.6,1,2,2,14,7,1,8,2,2,,1,268,270.1,289.1,280.1,7,11,62,WilsRu00
63,Emmanuel Sanders,DEN,WR,29,16,16,0,0,0,0,0,1,4,4,0,137,79,1032,13.06,5,1,0,5,,,134,212.6,215.6,173.1,7,21,63,SandEm00
64,Hunter Henry,SDG,TE,22,15,10,0,0,0,0,0,0,0,,0,53,36,478,13.28,8,1,1,8,,,94,129.8,133.8,111.8,7,11,64,HenrHu00
65,Julian Edelman,NWE,WR,30,16,13,0,0,0,0,0,12,57,4.75,0,159,98,1106,11.29,3,3,2,3,1,,132,230.3,235.3,181.3,6,22,65,EdelJu00
66,Golden Tate,DET,WR,28,16,16,0,0,0,0,0,10,4,0.4,0,135,91,1077,11.84,4,2,1,4,1,,132,223.1,227.1,177.6,6,23,66,TateGo00
67,Mike Wallace,BAL,WR,30,16,16,0,0,0,0,0,5,31,6.2,0,116,72,1017,14.13,4,1,0,4,1,,131,202.8,205.8,166.8,5,24,67,WallMi00
68,Jamison Crowder,WAS,WR,23,16,9,0,0,0,0,0,2,-2,-1,0,99,67,847,12.64,7,2,1,8,,,131,197.5,201.5,164,4,25,68,CrowJa00
69,Dez Bryant,DAL,WR,28,13,13,1,1,10,1,0,0,0,,0,96,50,796,15.92,8,1,1,8,,,130,180,184,155,4,26,69,BryaDe01
70,Bilal Powell,NYJ,RB,28,16,4,0,0,0,0,0,131,722,5.51,3,74,58,388,6.69,2,1,1,5,,,139,197,204,168,2,22,70,PoweBi00
71,Kenny Britt,LAR,WR,28,15,15,0,0,0,0,0,0,0,,0,111,68,1002,14.74,5,2,1,5,,,128,196.2,200.2,162.2,2,27,71,BritKe00
72,Jonathan Stewart,CAR,RB,29,13,13,0,0,0,0,0,218,824,3.78,9,21,8,60,7.5,0,3,2,9,,,138,146.4,151.4,142.4,1,23,72,StewJo00
73,Kenny Stills,MIA,WR,24,16,16,0,0,0,0,0,0,0,,0,81,42,726,17.29,9,0,0,9,,,127,168.6,171.6,147.6,,28,73,StilKe00
74,Allen Robinson,JAX,WR,23,16,16,0,0,0,0,0,0,0,,0,151,73,883,12.1,6,1,0,6,1,,126,199.3,202.3,162.8,,29,74,RobiAl02
75,Andy Dalton,CIN,QB,29,16,16,364,563,4206,18,8,46,184,4,4,0,0,0,,0,9,3,4,,,261,260.6,277.6,268.6,,12,75,DaltAn00
76,Coby Fleener,NOR,TE,28,16,8,0,0,0,0,0,1,2,2,1,81,50,631,12.62,3,2,0,4,,,87,137.3,140.3,112.3,,12,76,FleeCo00
77,Adam Thielen,MIN,WR,26,16,10,0,0,0,0,0,2,15,7.5,0,92,69,967,14.01,5,2,1,5,,,126,195.2,199.2,160.7,,30,77,ThieAd00
78,Terrance West,BAL,RB,25,16,13,0,0,0,0,0,193,774,4.01,5,45,34,236,6.94,1,2,0,6,,,137,171,177,154,,24,78,WestTe00
79,Marcus Mariota,TEN,QB,23,15,15,276,451,3426,26,9,60,349,5.82,2,1,0,0,,0,10,5,2,,,260,259.9,279.9,268.9,,13,,MariMa01
80,Tom Brady,NWE,QB,39,12,12,291,432,3554,28,2,28,64,2.29,0,0,0,0,,0,5,0,0,,1,259,258.6,263.6,260.6,,15,,BradTo00
81,Philip Rivers,SDG,QB,35,16,16,349,578,4386,33,21,14,35,2.5,0,0,0,0,,0,9,5,0,,,259,258.9,287.9,279.9,,14,,RivePh00
82,Jameis Winston,TAM,QB,22,16,16,345,567,4090,28,18,53,165,3.11,1,0,0,0,,0,10,6,1,,3,256,256.1,286.1,274.1,,16,,WinsJa00
83,Cam Newton,CAR,QB,27,15,14,270,510,3509,19,14,90,359,3.99,5,0,0,0,,0,3,2,5,1,1,254,254.3,276.3,268.3,,17,,NewtCa00
84,Ben Roethlisberger,PIT,QB,34,14,14,328,509,3819,29,13,16,14,0.88,1,0,0,0,,0,8,2,1,,3,252,252.2,270.2,265.2,,18,,RoetBe00
85,Carson Palmer,ARI,QB,37,15,15,364,597,4233,26,14,14,38,2.71,0,0,0,0,,0,14,4,0,,1,243,243.1,264.1,257.1,,19,,PalmCa00
86,Joe Flacco,BAL,QB,31,16,16,436,672,4317,20,15,21,58,2.76,2,0,0,0,,0,5,3,2,,4,242,242.5,263.5,257.5,,20,,FlacJo00
87,Eli Manning,NYG,QB,35,16,16,377,598,4027,26,16,21,-9,-0.43,0,0,0,0,,0,7,4,0,,,224,224.2,247.2,240.2,,21,,MannEl00
88,Alex Smith,KAN,QB,32,15,15,328,489,3502,15,8,48,134,2.79,5,1,1,3,3,0,7,4,5,,2,224,224.8,242.8,232.3,,22,,SmitAl03
89,Sam Bradford,MIN,QB,29,15,15,395,552,3877,20,5,20,53,2.65,0,1,1,5,5,0,10,5,0,,,221,221.9,234.9,226.4,,23,,BradSa00
90,Carson Wentz,PHI,QB,24,16,16,379,607,3782,16,14,46,150,3.26,2,1,1,7,7,0,14,3,2,1,1,213,214,237,227.5,,24,,WentCa00
91,Colin Kaepernick,SFO,QB,29,12,11,196,331,2241,16,4,69,468,6.78,2,0,0,0,,0,9,3,2,1,,200,200.4,213.4,204.4,,25,,KaepCo00
92,Trevor Siemian,DEN,QB,25,14,14,289,486,3401,18,10,28,57,2.04,0,0,0,0,,0,4,2,0,1,,192,191.7,206.7,201.7,,26,,SiemTr00
93,Ryan Tannehill,MIA,QB,28,13,13,261,389,2995,19,12,39,164,4.21,1,0,0,0,,0,9,3,1,,1,190,190.2,211.2,202.2,,27,,TannRy00
94,Brock Osweiler,HOU,QB,26,15,14,301,510,2957,15,16,30,131,4.37,2,1,1,-14,-14,0,5,1,2,,,168,169,192,184.5,,28,,OsweBr00
95,Ryan Fitzpatrick,NYJ,QB,34,14,11,228,403,2710,12,17,33,130,3.94,0,0,0,0,,0,9,1,0,,,133,133.4,157.4,150.4,,29,,FitzRy00
96,Ryan Mathews,PHI,RB,29,13,8,0,0,0,0,0,155,661,4.26,8,14,13,115,8.85,1,3,2,9,2,,132,144.6,152.6,138.1,,25,,MathRy00
97,DeSean Jackson,WAS,WR,30,15,15,0,0,0,0,0,0,0,,0,100,56,1005,17.95,4,0,0,4,,,125,180.5,183.5,152.5,,31,,JackDe00
98,Pierre Garcon,WAS,WR,30,16,16,0,0,0,0,0,0,0,,0,114,79,1041,13.18,3,0,0,3,,,122,201.1,204.1,161.6,,32,,GarcPi00
99,Brandon LaFell,CIN,WR,30,16,14,0,0,0,0,0,1,-2,-2,0,107,64,862,13.47,6,0,0,6,,,122,186,189,154,,33,,LaFeBr00
100,Robert Kelley,WAS,RB,24,15,9,0,0,0,0,0,168,704,4.19,6,18,12,82,6.83,1,0,0,7,,,121,132.6,135.6,126.6,,26,,KellRo00
101,A.J. Green,CIN,WR,28,10,10,0,0,0,0,0,0,0,,0,100,66,964,14.61,4,0,0,4,,,120,186.4,189.4,153.4,,34,,GreeA.00
102,Willie Snead,NOR,WR,24,15,4,1,1,50,1,0,0,0,,0,104,72,895,12.43,4,2,0,4,,,120,191.5,194.5,155.5,,35,,SneaWi00
103,DeAndre Hopkins,HOU,WR,24,16,16,0,0,0,0,0,0,0,,0,151,78,954,12.23,4,0,0,4,,,119,197.4,200.4,158.4,,36,,HopkDe00
104,Sterling Shepard,NYG,WR,23,16,16,0,0,0,0,0,3,31,10.33,0,105,65,683,10.51,8,0,0,8,,,119,184.4,187.4,151.9,,37,,ShepSt00
105,Mike Gillislee,BUF,RB,26,15,1,0,0,0,0,0,101,577,5.71,8,11,9,50,5.56,1,1,0,9,,,117,125.7,128.7,121.2,,27,,GillMi00
106,Marvin Jones,DET,WR,26,15,15,0,0,0,0,0,1,3,3,0,103,55,930,16.91,4,0,0,4,,,117,172.3,175.3,144.8,,38,,JoneMa02
107,Marqise Lee,JAX,WR,25,16,6,1,1,20,1,0,6,35,5.83,0,105,63,851,13.51,3,1,1,4,,,115,178.4,182.4,146.9,,39,,LeexMa00
108,Christine Michael,2TM,RB,26,15,7,0,0,0,0,0,148,583,3.94,7,29,22,107,4.86,1,2,1,8,,,115,137,144,126,,28,,MichCh00
109,Cole Beasley,DAL,WR,27,16,6,0,1,0,0,0,1,7,7,0,98,75,833,11.11,5,0,0,5,,,114,189,192,151.5,,40,,BeasCo00
110,Steve Smith Sr.,BAL,WR,37,14,14,0,0,0,0,0,0,0,,0,101,70,799,11.41,5,0,0,5,2,,114,183.9,186.9,148.9,,41,,SmitSt01
111,Cameron Meredith,CHI,WR,24,14,10,1,1,2,1,0,1,6,6,0,97,66,888,13.45,4,3,2,4,,,113,179.5,184.5,146.5,,42,,MereCa00
112,Devontae Booker,DEN,RB,24,16,6,0,0,0,0,0,174,612,3.52,4,45,31,265,8.55,1,4,3,5,,,112,142.7,151.7,127.2,,29,,BookDe00
113,Quincy Enunwa,NYJ,WR,24,16,13,0,0,0,0,0,1,12,12,0,105,58,857,14.78,4,0,0,4,,,111,168.9,171.9,139.9,,43,,EnunQu00
114,Case Keenum,LAR,QB,28,10,9,196,322,2201,9,11,20,51,2.55,1,0,0,0,,0,5,1,1,,,111,111.1,126.1,122.1,,30,,KeenCa00
115,Darren Sproles,PHI,RB,33,15,5,0,0,0,0,0,94,438,4.66,2,71,52,427,8.21,2,1,0,4,,,111,162.5,168.5,136.5,,30,,SproDa00
116,Stefon Diggs,MIN,WR,23,13,11,0,0,0,0,0,3,10,3.33,0,112,84,903,10.75,3,0,0,3,,,109,193.3,196.3,151.3,,44,,DiggSt00
117,Theo Riddick,DET,RB,25,10,8,0,0,0,0,0,92,357,3.88,1,67,53,371,7,5,0,0,6,,,109,161.8,167.8,135.3,,31,,RiddTh00
118,Anquan Boldin,DET,WR,36,16,16,0,0,0,0,0,0,0,,0,95,67,584,8.72,8,0,0,8,,,106,173.4,176.4,139.9,,45,,BoldAn00
119,Taylor Gabriel,ATL,WR,25,13,3,0,0,0,0,0,4,51,12.75,1,50,35,579,16.54,6,0,0,7,,,105,140,143,122.5,,47,,GabrTa00
120,Ted Ginn Jr.,CAR,WR,31,16,8,0,0,0,0,0,14,98,7,0,95,54,752,13.93,4,3,2,4,,,105,159,164,132,,48,,GinnTe00
121,Tim Hightower,NOR,RB,30,16,1,0,0,0,0,0,133,548,4.12,4,26,22,200,9.09,1,0,0,5,,,105,126.8,132.8,115.8,,33,,HighTi00
122,Dontrelle Inman,SDG,WR,27,16,16,0,0,0,0,0,0,0,,0,97,58,810,13.97,4,0,0,4,,,105,163,166,134,,49,,InmaDo00
123,Jerick McKinnon,MIN,RB,24,15,7,0,1,0,0,0,159,539,3.39,2,53,43,255,5.93,2,0,0,4,1,,105,148.4,154.4,126.9,,32,,McKiJe00
124,JJ Nelson,ARI,WR,24,15,6,0,0,0,0,0,4,83,20.75,1,74,34,568,16.71,6,1,1,7,,,105,139.1,143.1,122.1,,46,,NelsJJ00
125,Rashad Jennings,NYG,RB,31,13,12,0,0,0,0,0,181,593,3.28,3,42,35,201,5.74,1,1,0,4,,,103,138.4,144.4,120.9,,34,,JennRa00
126,James White,NWE,RB,24,16,4,0,0,0,0,0,39,166,4.26,0,86,60,551,9.18,5,0,0,5,,,102,161.7,167.7,131.7,,35,,WhitJa02
127,Chris Thompson,WAS,RB,26,16,0,0,0,0,0,0,68,356,5.24,3,62,49,349,7.12,2,2,1,5,,,99,147.5,154.5,123,,36,,ThomCh03
128,Jordan Matthews,PHI,WR,24,14,13,0,0,0,0,0,0,0,,0,117,73,804,11.01,3,1,0,3,,,98,171.4,174.4,134.9,,50,,MattJo00
129,DeVante Parker,MIA,WR,23,15,8,0,0,0,0,0,0,0,,0,87,56,744,13.29,4,0,0,4,,,98,154.4,157.4,126.4,,51,,ParkDe01
130,Brandon Marshall,NYJ,WR,32,15,15,0,0,0,0,0,0,0,,0,128,59,788,13.36,3,0,0,3,,,97,155.8,158.8,126.3,,52,,MarsBr00
131,Ty Montgomery,GNB,RB,23,15,6,0,0,0,0,0,77,457,5.94,3,56,44,348,7.91,0,2,1,3,,,97,140.5,147.5,118.5,,37,,MontTy01
132,Alshon Jeffery,CHI,WR,26,12,12,0,0,0,0,0,0,0,,0,94,52,821,15.79,2,0,0,2,,,94,146.1,149.1,120.1,,53,,JeffAl00
133,Derrick Henry,TEN,RB,22,15,2,0,0,0,0,0,110,490,4.45,5,15,13,137,10.54,0,0,0,5,,,93,105.7,111.7,99.2,,38,,HenrDe00
134,Chris Hogan,NWE,WR,29,15,14,0,0,0,0,0,3,9,3,0,58,38,680,17.89,4,1,1,4,,,91,128.9,132.9,109.9,,54,,HogaCh00
135,Duke Johnson,CLE,RB,23,16,1,0,1,0,0,0,73,358,4.9,1,74,53,514,9.7,0,2,1,1,,,91,144.2,151.2,117.7,,39,,JohnDu00
136,Mohamed Sanu,ATL,WR,27,15,15,0,0,0,0,0,1,5,5,0,81,59,653,11.07,4,1,1,4,1,,90,148.8,152.8,119.3,,55,,SanuMo00
137,Tavon Austin,LAR,WR,26,15,15,0,0,0,0,0,28,159,5.68,1,106,58,509,8.78,3,5,1,4,,,89,146.8,153.8,117.8,,56,,AustTa00
138,Randall Cobb,GNB,WR,26,13,10,0,0,0,0,0,10,33,3.3,0,84,60,610,10.17,4,1,0,4,,,88,148.3,151.3,118.3,,57,,CobbRa00
139,T.J. Yeldon,JAX,RB,23,15,13,0,0,0,0,0,130,465,3.58,1,68,50,312,6.24,1,2,1,2,,,88,137.7,144.7,112.7,,40,,YeldT.00
140,C.J. Anderson,DEN,RB,25,7,7,0,0,0,0,0,110,437,3.97,4,24,16,128,8,1,0,0,5,,,87,102.5,108.5,94.5,,41,,AndeC.00
141,Jalen Richard,OAK,RB,23,16,0,0,0,0,0,0,83,491,5.92,1,39,29,194,6.69,2,0,0,3,,,87,115.5,121.5,101,,42,,RichJa01
142,Jack Doyle,IND,TE,26,16,14,0,0,0,0,0,0,0,,0,75,59,584,9.9,5,1,1,5,,,86,145.4,149.4,115.9,,13,,DoylJa00
143,Travis Benjamin,SDG,WR,27,14,8,0,1,0,0,0,2,-3,-1.5,0,75,47,677,14.4,4,5,3,4,,,85,132.4,138.4,108.9,,58,,BenjTr00
144,Giovani Bernard,CIN,RB,25,10,2,0,0,0,0,0,91,337,3.7,2,51,39,336,8.62,1,1,1,3,,,83,122.3,129.3,102.8,,43,,BernGi00
145,Eric Ebron,DET,TE,23,13,13,0,0,0,0,0,1,1,1,1,85,61,711,11.66,1,0,0,2,,,83,144.2,147.2,113.7,,15,,EbroEr00
146,Jeremy Kerley,SFO,WR,28,16,13,0,0,0,0,0,0,0,,0,115,64,667,10.42,3,4,1,3,,,83,146.7,150.7,114.7,,60,,KerlJe00
147,Tyler Lockett,SEA,WR,24,15,9,0,0,0,0,0,6,114,19,1,66,41,597,14.56,1,0,0,2,,,83,124.1,130.1,103.6,,59,,LockTy00
148,Dennis Pitta,BAL,TE,31,16,12,0,0,0,0,0,0,0,,0,121,86,729,8.48,2,1,1,2,,,83,168.9,172.9,125.9,,16,,PittDe00
149,Jason Witten,DAL,TE,34,16,16,0,0,0,0,0,0,0,,0,95,69,673,9.75,3,1,1,3,,,83,152.3,156.3,117.8,,14,,WittJa00
150,Robert Turbin,IND,RB,27,15,0,0,0,0,0,0,47,164,3.49,7,35,26,179,6.88,1,0,0,8,,,82,108.3,114.3,95.3,,44,,TurbRo00
151,DeAngelo Williams,PIT,RB,33,9,4,0,0,0,0,0,98,343,3.5,4,27,18,118,6.56,2,0,0,6,,,82,100.1,106.1,91.1,,45,,WillDe02
152,Will Fuller,HOU,WR,22,14,13,0,0,0,0,0,1,-3,-3,0,92,47,635,13.51,2,2,0,3,,,81,128.2,131.2,104.7,,62,,FullWi01
153,Terrance Williams,DAL,WR,27,16,15,0,0,0,0,0,0,0,,0,61,44,594,13.5,4,1,1,4,,,81,125.4,129.4,103.4,,61,,WillTe01
154,Shaun Draughn,SFO,RB,29,16,1,0,0,0,0,0,74,196,2.65,4,39,29,263,9.07,2,1,1,6,,,80,108.9,115.9,94.4,,46,,DrauSh00
155,C.J. Fiedorowicz,HOU,TE,25,15,15,0,0,0,0,0,0,0,,0,89,54,559,10.35,4,1,0,4,,,80,133.9,136.9,106.9,,17,,FiedC.00
156,Brian Hoyer,CHI,QB,31,6,5,134,200,1445,6,0,7,-2,-0.29,0,0,0,0,,0,3,1,0,,,80,79.6,83.6,79.6,,31,,HoyeBr00
157,Dwayne Allen,IND,TE,26,14,14,0,0,0,0,0,0,0,,0,52,35,406,11.6,6,1,0,6,1,,79,113.6,116.6,96.1,,19,,AlleDw00
158,Charles Clay,BUF,TE,27,15,15,0,0,0,0,0,0,0,,0,87,57,552,9.68,4,0,0,4,,,79,136.2,139.2,107.7,,18,,ClayCh00
159,Michael Floyd,2TM,WR,27,15,8,0,0,0,0,0,0,0,,0,76,37,488,13.19,5,0,0,5,,,79,115.8,118.8,97.3,,63,,FloyMi00
160,Adam Humphries,TAM,WR,23,15,4,0,0,0,0,0,5,18,3.6,0,83,55,622,11.31,2,3,0,2,1,,78,133,136,105.5,,64,,HumpAd00
161,Jacquizz Rodgers,TAM,RB,26,10,5,0,0,0,0,0,129,560,4.34,2,16,13,98,7.54,0,0,0,2,,,78,90.8,93.8,84.3,,47,,RodgJa00
162,Eli Rogers,PIT,WR,24,13,8,0,0,0,0,0,1,6,6,0,66,48,594,12.38,3,2,0,3,,,78,126,129,102,,65,,RogeEl00
163,Cody Kessler,CLE,QB,23,9,8,128,195,1380,6,2,11,18,1.64,0,0,0,0,,0,4,1,0,,1,77,77,83,79,,32,,KessCo00
164,Gary Barnidge,CLE,TE,31,16,16,0,0,0,0,0,0,0,,0,82,55,612,11.13,2,0,0,2,1,,75,130.2,133.2,102.7,,20,,BarnGa01
165,Chris Ivory,JAX,RB,28,11,1,0,0,0,0,0,117,439,3.75,3,28,20,186,9.3,0,5,3,3,,,75,94.5,103.5,84.5,,49,,IvorCh00
166,Zach Zenner,DET,RB,25,14,4,0,0,0,0,0,88,334,3.8,4,23,18,196,10.89,0,1,1,4,,,75,93,100,84,,48,,ZennZa00
167,Brian Quick,LAR,WR,27,16,8,0,0,0,0,0,0,0,,0,77,41,564,13.76,3,0,0,3,,,74,115.4,118.4,94.9,,66,,QuicBr00
168,Seth Roberts,OAK,WR,25,16,6,0,0,0,0,0,0,0,,0,77,38,397,10.45,5,0,0,5,2,,74,111.7,114.7,92.7,,67,,RobeSe00
169,Chosen Anderson,NYJ,WR,23,16,8,0,0,0,0,0,3,42,14,0,78,42,587,13.98,2,1,1,2,,,73,114.9,118.9,93.9,,68,,AndeRo04
170,Blaine Gabbert,SFO,QB,27,6,5,91,160,925,5,6,40,173,4.33,2,1,1,-16,-16,0,0,0,2,,,73,73.7,85.7,79.2,,33,,GabbBl00
171,Zach Miller,CHI,TE,32,10,8,0,0,0,0,0,0,0,,0,64,47,486,10.34,4,0,0,4,,,73,119.6,122.6,96.1,,21,,MillZa02
172,Donte Moncrief,IND,WR,23,9,7,0,0,0,0,0,1,-1,-1,0,56,30,307,10.23,7,0,0,7,,,73,102.6,105.6,87.6,,69,,MoncDo00
173,Kenneth Dixon,BAL,RB,22,12,0,0,0,0,0,0,88,382,4.34,2,41,30,162,5.4,1,1,0,3,,,72,102.4,108.4,87.4,,50,,DixoKe00
174,Rob Gronkowski,NWE,TE,27,8,6,0,0,0,0,0,0,0,,0,38,25,540,21.6,3,0,0,3,,,72,97,100,84.5,,22,,GronRo00
175,Doug Martin,TAM,RB,27,8,8,0,0,0,0,0,144,421,2.92,3,16,14,134,9.57,0,1,1,3,,,72,85.5,92.5,78.5,,51,,MartDo00
176,Matt Barkley,CHI,QB,26,7,6,129,216,1611,8,14,7,2,0.29,0,1,1,2,2,1,4,2,1,,,71,71.8,90.8,85.3,,34,,BarkMa00
177,Tyler Boyd,CIN,WR,22,16,2,0,0,0,0,0,4,58,14.5,0,81,54,603,11.17,1,1,1,1,,,70,124.1,128.1,97.1,,70,,BoydTy00
178,Vernon Davis,WAS,TE,32,16,14,0,0,0,0,0,0,0,,0,59,44,583,13.25,2,0,0,2,,,70,114.3,117.3,92.3,,23,,DaviVe00
179,Damien Williams,MIA,RB,24,15,0,0,0,0,0,0,35,115,3.29,3,32,23,249,10.83,3,1,1,6,,,70,93.4,100.4,81.9,,52,,WillDa05
180,Tyler Eifert,CIN,TE,26,8,2,0,0,0,0,0,0,0,,0,47,29,394,13.59,5,0,0,5,,,69,98.4,101.4,83.9,,24,,EifeTy00
181,Cordarrelle Patterson,MIN,WR,25,16,8,0,0,0,0,0,7,43,6.14,0,70,52,453,8.71,2,2,0,3,,,68,119.6,122.6,93.6,,73,,PattCo00
182,Breshad Perriman,BAL,WR,23,16,1,0,0,0,0,0,1,2,2,0,66,33,499,15.12,3,0,0,3,,,68,101.1,104.1,84.6,,71,,PerrBr02
183,DeAndre Washington,OAK,RB,23,14,2,0,0,0,0,0,87,467,5.37,2,23,17,115,6.76,0,1,1,2,,,68,85.2,92.2,76.7,,53,,WashDe00
184,Robert Woods,BUF,WR,24,13,10,0,0,0,0,0,1,6,6,0,76,51,613,12.02,1,0,0,1,,,68,118.9,121.9,93.4,,72,,WoodRo02
185,Matt Jones,WAS,RB,23,7,7,0,0,0,0,0,99,460,4.65,3,8,8,73,9.13,0,3,2,3,,,67,75.3,80.3,71.3,,54,,JoneMa04
186,Phillip Dorsett,IND,WR,23,15,7,0,0,0,0,0,2,10,5,0,59,33,528,16,2,1,0,2,,,66,98.8,101.8,82.3,,74,,DorsPh00
187,Robert Griffin III,CLE,QB,26,5,5,87,147,886,2,3,31,190,6.13,2,0,0,0,,0,4,1,2,,,66,66.4,76.4,69.4,,35,,GrifRo01
188,Allen Hurns,JAX,WR,25,11,11,0,0,0,0,0,0,0,,0,76,35,477,13.63,3,1,0,3,,,66,100.7,103.7,83.2,,75,,HurnAl01
189,Jeremy Maclin,KAN,WR,28,12,12,0,1,0,0,0,1,-1,-1,0,76,44,536,12.18,2,0,0,2,,,66,109.5,112.5,87.5,,76,,MaclJe00
190,Charcandrick West,KAN,RB,25,15,2,0,0,0,0,0,88,293,3.33,1,34,28,188,6.71,2,0,0,3,,,66,94.1,100.1,80.1,,55,,WestCh01
191,John Brown,ARI,WR,26,15,6,0,0,0,0,0,1,10,10,0,73,39,517,13.26,2,1,0,2,,,65,103.7,106.7,84.2,,77,,BrowJo02
192,Malcolm Mitchell,NWE,WR,24,14,6,0,0,0,0,0,0,0,,0,48,32,401,12.53,4,0,0,4,,,64,96.1,99.1,80.1,,79,,MitcMa01
193,Tajae Sharpe,TEN,WR,22,16,10,0,0,0,0,0,1,1,1,0,83,41,522,12.73,2,0,0,2,,,64,105.3,108.3,84.8,,78,,SharTa00
194,Victor Cruz,NYG,WR,30,15,12,0,0,0,0,0,0,0,,0,72,39,586,15.03,1,1,1,1,,,63,101.6,105.6,82.1,,81,,CruzVi00
195,Devin Funchess,CAR,WR,22,15,7,0,0,0,0,0,0,0,,0,58,23,371,16.13,4,0,0,4,1,,63,86.1,89.1,74.6,,80,,FuncDe00
196,Vance McDonald,SFO,TE,26,11,11,0,0,0,0,0,0,0,,0,45,24,391,16.29,4,0,0,4,,,63,87.1,90.1,75.1,,25,,McDoVa00
197,Thomas Rawls,SEA,RB,23,9,7,0,0,0,0,0,109,349,3.2,3,17,13,96,7.38,0,0,0,3,,,63,75.5,78.5,69,,56,,RawlTh00
198,Paul Perkins,NYG,RB,22,14,1,0,0,0,0,0,112,456,4.07,0,24,15,162,10.8,0,1,0,0,,,62,76.8,82.8,69.3,,57,,PerkPa00
199,Marquise Goodwin,BUF,WR,26,15,9,0,0,0,0,0,0,0,,0,68,29,431,14.86,3,0,0,3,,,61,90.1,93.1,75.6,,82,,GoodMa00
200,Kendall Wright,TEN,WR,27,11,4,0,0,0,0,0,1,15,15,0,42,29,416,14.34,3,0,0,3,,,61,90.1,93.1,75.6,,83,,WrigKe01
201,Corey Coleman,CLE,WR,22,10,10,0,0,0,0,0,2,10,5,0,73,33,413,12.52,3,0,0,3,,,60,93.3,96.3,76.8,,84,,ColeCo00
202,Lance Kendricks,LAR,TE,28,16,16,0,0,0,0,0,0,0,,0,87,50,499,9.98,2,1,1,2,,,60,109.9,113.9,84.9,,26,,KendLa00
203,Rex Burkhead,CIN,RB,26,16,1,0,0,0,0,0,74,344,4.65,2,20,17,145,8.53,0,1,1,2,,,59,75.9,82.9,67.4,,58,,BurkRe00
204,Sammie Coates,PIT,WR,23,14,5,0,0,0,0,0,4,14,3.5,0,49,21,435,20.71,2,0,0,2,,,57,77.9,80.9,67.4,,86,,CoatSa00
205,Jermaine Kearse,SEA,WR,26,16,15,0,0,0,0,0,0,0,,0,89,41,510,12.44,1,0,0,1,,,57,98,101,77.5,,85,,KearJe01
206,Matt Moore,MIA,QB,32,4,3,55,87,721,8,3,1,-1,-1,0,0,0,0,,0,1,0,0,,,55,54.7,60.7,57.7,,36,,MoorMa01
207,Eddie Royal,CHI,WR,30,9,1,0,0,0,0,0,0,0,,0,43,33,369,11.18,2,2,0,3,,,55,87.9,90.9,71.4,,88,,RoyaEd00
208,Sammy Watkins,BUF,WR,23,8,8,0,0,0,0,0,0,0,,0,52,28,430,15.36,2,0,0,2,,,55,83,86,69,,87,,WatkSa00
209,Travaris Cadet,NOR,RB,27,15,1,0,0,0,0,0,4,19,4.75,0,54,40,281,7.03,4,0,0,4,,,54,94,97,74,,60,,CadeTr00
210,Ryan Griffin,HOU,TE,26,16,5,0,0,0,0,0,0,0,,0,74,50,442,8.84,2,1,1,2,,,54,104.2,108.2,79.2,,27,,GrifRy00
211,Jeremy Langford,CHI,RB,25,12,3,0,0,0,0,0,62,200,3.23,4,27,19,142,7.47,0,2,2,4,,,54,73.2,81.2,63.7,,59,,LangJe00
212,Clive Walford,OAK,TE,25,15,8,0,0,0,0,0,0,0,,0,52,33,359,10.88,3,0,0,3,,,54,86.9,89.9,70.4,,28,,WalfCl00
213,Chris Conley,KAN,WR,24,16,11,0,0,0,0,0,0,0,,0,69,44,530,12.05,0,1,0,0,,,53,97,100,75,,89,,ConlCh00
214,Jared Goff,LAR,QB,22,7,7,112,205,1089,5,7,8,16,2,1,0,0,0,,0,5,2,1,,,53,53.2,65.2,60.2,,37,,GoffJa00
215,Nelson Agholor,PHI,WR,23,15,14,0,0,0,0,0,5,14,2.8,0,69,36,365,10.14,2,1,0,2,1,,52,87.9,90.9,69.9,,90,,AghoNe00
216,Jesse James,PIT,TE,22,16,13,0,0,0,0,0,0,0,,0,60,39,338,8.67,3,0,0,3,,,52,90.8,93.8,71.3,,30,,JameJe00
217,Josh McCown,CLE,QB,37,5,3,90,165,1100,6,6,7,21,3,0,0,0,0,,0,7,4,0,,1,52,52.1,65.1,58.1,,38,,McCoJo01
218,Julius Thomas,JAX,TE,28,9,6,0,0,0,0,0,0,0,,0,51,30,281,9.37,4,0,0,4,,,52,82.1,85.1,67.1,,29,,ThomJu00
219,Garrett Celek,SFO,TE,28,16,6,0,0,0,0,0,0,0,,0,50,29,350,12.07,3,2,1,3,,,51,80,84,65.5,,32,,CeleGa00
220,Dorial Green-Beckham,PHI,WR,23,15,7,0,0,0,0,0,0,0,,0,74,36,392,10.89,2,0,0,2,,,51,87.2,90.2,69.2,,91,,GreeDo00
221,Jermaine Gresham,ARI,TE,28,16,14,0,0,0,0,0,0,0,,0,61,37,391,10.57,2,1,0,2,,,51,88.1,91.1,69.6,,31,,GresJe00
222,Albert Wilson,KAN,WR,24,16,5,0,0,0,0,0,2,50,25,1,51,31,279,9,2,0,0,3,,,51,81.9,84.9,66.4,,92,,WilsAl02
223,Alfred Blue,HOU,RB,25,14,2,0,0,0,0,0,100,420,4.2,1,16,12,40,3.33,0,2,1,1,,,50,62,66,56,,61,,BlueAl00
224,Andrew Hawkins,CLE,WR,30,16,5,0,0,0,0,0,2,0,0,0,54,33,324,9.82,3,0,0,3,,,50,83.4,86.4,66.9,,93,,HawkAn00
225,Dion Sims,MIA,TE,25,14,11,0,0,0,0,0,0,0,,0,35,26,256,9.85,4,0,0,4,,,50,75.6,78.6,62.6,,33,,SimsDi00
226,Jay Cutler,CHI,QB,33,5,5,81,137,1059,4,5,5,24,4.8,0,0,0,0,,0,6,2,0,,,47,46.8,56.8,51.8,,39,,CutlJa00
227,Russell Shepard,TAM,WR,26,14,4,0,0,0,0,0,1,9,9,0,40,23,341,14.83,2,0,0,2,,,47,70,73,58.5,,94,,ShepRu00
228,Wendell Smallwood,PHI,RB,22,13,3,0,0,0,0,0,77,312,4.05,1,13,6,55,9.17,0,1,1,2,,,47,52.7,56.7,49.7,,63,,SmalWe00
229,Fozzy Whittaker,CAR,RB,27,16,0,0,0,0,0,0,57,265,4.65,0,33,25,226,9.04,0,1,1,0,,,47,72.1,79.1,59.6,,62,,WhitFo00
230,Danny Amendola,NWE,WR,31,12,4,0,0,0,0,0,0,0,,0,29,23,243,10.57,4,3,1,4,,,46,69.3,73.3,57.8,,95,,AmenDa00
231,Brandon Coleman,NOR,WR,24,16,4,0,0,0,0,0,0,0,,0,38,26,281,10.81,3,0,0,3,,,46,72.1,75.1,59.1,,96,,ColeBr00
232,Will Tye,NYG,TE,25,16,10,0,0,0,0,0,0,0,,0,70,48,395,8.23,1,0,0,1,,,46,93.5,96.5,69.5,,34,,TyexWi00
233,Austin Hooper,ATL,TE,22,14,3,0,0,0,0,0,0,0,,0,27,19,271,14.26,3,0,0,3,,,45,64.1,67.1,54.6,,35,,HoopAu00
234,Jamize Olawale,OAK,RB,27,16,7,0,0,0,0,0,17,47,2.76,2,14,12,227,18.92,1,0,0,3,,,45,57.4,60.4,51.4,,64,,OlawJa00
235,Torrey Smith,SFO,WR,27,12,12,0,0,0,0,0,0,0,,0,49,20,267,13.35,3,0,0,3,,,45,64.7,67.7,54.7,,97,,SmitTo02
236,Justin Hardy,ATL,WR,25,16,3,0,0,0,0,0,0,0,,0,31,21,203,9.67,4,0,0,4,,,44,65.3,68.3,54.8,,98,,HardJu00
237,C.J. Prosise,SEA,RB,22,6,2,0,0,0,0,0,30,172,5.73,1,19,17,208,12.24,0,0,0,1,,,44,61,67,52.5,,65,,ProsC.00
238,Charles Sims,TAM,RB,26,7,2,0,0,0,0,0,51,149,2.92,1,32,24,190,7.92,1,1,1,2,,,44,67.9,74.9,55.9,,66,,SimsCh00
239,Justin Hunter,2TM,WR,25,13,5,0,0,0,0,0,0,0,,0,23,10,189,18.9,4,0,0,4,,,43,52.9,55.9,47.9,,99,,HuntJu00
240,Jared Cook,GNB,TE,29,10,5,0,0,0,0,0,0,0,,0,51,30,377,12.57,1,1,1,1,,,42,71.7,75.7,56.7,,36,,CookJa02
241,Justin Forsett,3TM,RB,31,9,6,0,0,0,0,0,87,291,3.34,1,27,20,85,4.25,0,2,1,1,,,42,61.6,65.6,51.6,,67,,ForsJu00
242,Kenyan Drake,MIA,RB,22,16,1,0,0,0,0,0,33,179,5.42,2,10,9,46,5.11,0,1,0,3,,,41,49.5,52.5,45,,69,,DrakKe00
243,John Kuhn,NOR,RB,34,16,3,0,0,0,0,0,18,37,2.06,4,20,16,70,4.38,1,0,0,5,,,41,56.7,56.7,48.7,,68,,KuhnJo00
244,Quinton Patton,SFO,WR,26,14,14,0,0,0,0,0,0,0,,0,63,37,408,11.03,0,1,0,0,,,41,77.8,80.8,59.3,,100,,PattQu00
245,Brice Butler,DAL,WR,26,16,3,0,0,0,0,0,0,0,,0,32,16,219,13.69,3,0,0,3,,,40,55.9,58.9,47.9,,101,,ButlBr00
246,James Starks,GNB,RB,30,9,4,0,0,0,0,0,63,145,2.3,0,25,19,134,7.05,2,1,0,2,,,40,58.9,64.9,49.4,,70,,StarJa00
247,Kamar Aiken,BAL,WR,27,16,6,0,0,0,0,0,0,0,,0,50,29,328,11.31,1,0,0,1,,,39,67.8,70.8,53.3,,102,,AikeKa00
248,Trey Burton,PHI,TE,25,15,4,0,0,0,0,0,0,0,,0,60,37,327,8.84,1,0,0,1,,,39,75.7,78.7,57.2,,39,,BurtTr01
249,Eddie Lacy,GNB,RB,26,5,5,0,0,0,0,0,71,360,5.07,0,7,4,28,7,0,0,0,0,,,39,42.8,45.8,40.8,,71,,LacyEd00
250,Richard Rodgers,GNB,TE,24,16,6,0,0,0,0,0,0,0,,0,47,30,271,9.03,2,0,0,2,,,39,69.1,72.1,54.1,,37,,RodgRi00
251,Jacob Tamme,ATL,TE,31,8,5,0,0,0,0,0,0,0,,0,31,22,210,9.55,3,0,0,3,,,39,61,64,50,,38,,TammJa00
252,Dwayne Washington,DET,RB,22,12,2,0,0,0,0,0,90,265,2.94,1,15,10,62,6.2,0,0,0,1,,,39,48.7,51.7,43.7,,72,,WashDw00
253,Josh Bellamy,CHI,WR,27,16,2,0,0,0,0,0,4,37,9.25,0,38,19,282,14.84,1,0,0,1,,,38,56.9,59.9,47.4,,103,,BellJo02
254,Dion Lewis,NWE,RB,26,7,5,0,0,0,0,0,64,283,4.42,0,24,17,94,5.53,0,1,0,0,,,38,54.7,57.7,46.2,,73,,LewiDi00
255,Aaron Ripkowski,GNB,RB,24,16,8,0,0,0,0,0,34,150,4.41,2,10,9,46,5.11,1,0,0,3,,,38,46.6,49.6,42.1,,74,,RipkAa00
256,Levine Toilolo,ATL,TE,25,16,11,0,0,0,0,0,0,0,,0,19,13,264,20.31,2,0,0,2,,,38,51.4,54.4,44.9,,40,,ToilLe00
257,Kyle Juszczyk,BAL,RB,25,16,7,0,0,0,0,0,5,22,4.4,1,49,37,266,7.19,0,0,0,1,1,,37,73.8,76.8,55.3,,76,,JuszKy00
258,Alfred Morris,DAL,RB,28,14,0,0,0,0,0,0,69,243,3.52,2,6,3,11,3.67,0,0,0,2,,,37,40.4,43.4,38.9,,75,,MorrAl00
259,Ladarius Green,PIT,TE,26,6,2,0,0,0,0,0,0,0,,0,34,18,304,16.89,1,0,0,1,,,36,54.4,57.4,45.4,,41,,GreeLa00
260,Erik Swoope,IND,TE,24,16,4,0,0,0,0,0,0,0,,0,22,15,297,19.8,1,0,0,1,,,36,50.7,53.7,43.2,,42,,SwooEr00
261,Jimmy Garoppolo,NWE,QB,25,6,2,43,63,502,4,0,10,6,0.6,0,1,1,3,3,0,2,1,0,,,35,36,40,35.5,,40,,GaroJi00
262,Cobi Hamilton,PIT,WR,26,11,8,0,0,0,0,0,0,0,,0,28,17,234,13.76,2,0,0,2,,,35,52.4,55.4,43.9,,104,,HamiCo00
263,Darrius Heyward-Bey,PIT,WR,29,10,0,0,0,0,0,0,1,60,60,1,19,6,114,19,2,0,0,3,,,35,41.4,44.4,38.4,,105,,HeywDa00
264,Paul Richardson,SEA,WR,24,15,0,0,0,0,0,0,1,5,5,0,36,21,288,13.71,1,0,0,1,,,35,56.3,59.3,45.8,,106,,RichPa01
265,Andre Roberts,DET,WR,28,16,1,0,0,0,0,0,0,0,,0,25,14,188,13.43,1,2,1,3,,,35,48.8,52.8,41.8,,108,,RobeAn00
266,Deonte Thompson,CHI,WR,27,16,6,0,0,0,0,0,0,0,,0,36,22,249,11.32,2,1,1,2,,,35,56.9,60.9,45.9,,107,,ThomDe04
267,Landry Jones,PIT,QB,27,8,2,53,86,558,4,2,6,-4,-0.67,0,0,0,0,,0,0,0,0,,,34,33.9,38.9,35.9,,41,,JoneLa02
268,Bryan Walters,JAX,WR,29,10,3,0,0,0,0,0,1,4,4,0,34,24,231,9.63,2,1,1,2,,,34,57.5,61.5,45.5,,109,,WaltBr00
269,Geronimo Allison,GNB,WR,22,10,2,0,0,0,0,0,0,0,,0,22,12,202,16.83,2,0,0,2,,,32,44.2,47.2,38.2,,110,,AlliGe01
270,Corey Brown,CAR,WR,25,16,8,0,0,0,0,0,2,6,3,0,53,27,276,10.22,1,1,1,1,,,32,59.2,63.2,45.7,,111,,BrowPh00
271,Corey Grant,JAX,RB,25,11,1,0,0,0,0,0,32,164,5.13,1,7,4,35,8.75,1,0,0,2,,,32,35.9,38.9,33.9,,77,,GranCo00
272,Bryce Petty,NYJ,QB,25,6,4,75,133,809,3,7,5,19,3.8,0,0,0,0,,0,1,1,0,1,,32,32.3,43.3,39.3,,42,,PettBr01
273,Peyton Barber,TAM,RB,22,15,1,0,0,0,0,0,55,223,4.05,1,6,5,28,5.6,0,0,0,1,,,31,36.1,39.1,33.6,,78,,BarbPe01
274,Eric Decker,NYJ,WR,29,3,3,0,0,0,0,0,0,0,,0,21,9,194,21.56,2,0,0,2,,,31,40.4,43.4,35.9,,112,,DeckEr00
275,Rod Streater,SFO,WR,28,16,2,0,0,0,0,0,0,0,,0,27,18,191,10.61,2,0,0,2,,,31,49.1,52.1,40.1,,113,,StreRo00
276,Jordan Taylor,DEN,WR,24,16,0,0,0,0,0,0,0,0,,0,25,16,209,13.06,2,1,1,2,,,31,46.9,50.9,38.9,,114,,TaylJo01
277,Virgil Green,DEN,TE,28,12,11,0,0,0,0,0,0,0,,0,37,22,237,10.77,1,0,0,1,,,30,51.7,54.7,40.7,,43,,GreeVi00
278,Kenjon Barner,PHI,RB,27,13,0,0,0,0,0,0,27,129,4.78,2,11,5,42,8.4,0,0,0,2,,,29,34.1,37.1,31.6,,79,,BarnKe00
279,C.J. Uzomah,CIN,TE,23,10,8,0,0,0,0,0,0,0,,0,38,25,234,9.36,1,0,0,1,,,29,54.4,57.4,41.9,,44,,UzomC.00
280,Cameron Artis-Payne,CAR,RB,26,3,3,0,0,0,0,0,36,144,4,2,1,1,11,11,0,0,0,2,,,28,28.5,31.5,28,,81,,ArtiCa00
281,Jacoby Brissett,NWE,QB,24,3,2,34,55,400,0,0,16,83,5.19,1,0,0,0,,0,3,1,1,,,28,28.3,32.3,28.3,,44,,BrisJa00
282,Nick Foles,KAN,QB,27,3,1,36,55,410,3,0,4,-4,-1,0,0,0,0,,0,0,0,0,,,28,28,31,28,,45,,FoleNi00
283,Paxton Lynch,DEN,QB,22,3,2,49,83,497,2,1,11,25,2.27,0,0,0,0,,0,2,0,0,,,28,28.4,32.4,29.4,,43,,LyncPa00
284,Tanner McEvoy,SEA,WR,23,14,0,1,1,43,0,0,0,0,,0,11,9,140,15.56,2,0,0,2,,,28,36.7,39.7,32.2,,115,,McEvTa01
285,Kerwynn Williams,ARI,RB,25,10,0,0,0,0,0,0,18,157,8.72,2,2,1,6,6,0,0,0,2,,,28,29.3,32.3,28.8,,80,,WillKe05
286,Bennie Fowler,DEN,WR,25,13,0,0,0,0,0,0,0,0,,0,24,11,145,13.18,2,0,0,2,,,27,37.5,40.5,32,,117,,FowlBe00
287,DuJuan Harris,SFO,RB,28,10,1,0,0,0,0,0,38,138,3.63,0,9,8,115,14.38,1,2,2,1,,,27,35.3,43.3,31.3,,82,,HarrDu01
288,Chester Rogers,IND,WR,22,14,2,0,0,0,0,0,0,0,,0,34,19,273,14.37,0,2,0,0,,,27,46.3,49.3,36.8,,116,,RogeCh02
289,Shane Vereen,NYG,RB,27,5,1,0,0,0,0,0,33,158,4.79,1,19,11,94,8.55,0,2,2,1,,,27,38.2,43.2,32.7,,83,,VereSh00
290,Kapri Bibbs,DEN,RB,23,12,0,0,0,0,0,0,29,129,4.45,0,4,2,75,37.5,1,0,0,1,,,26,28.4,31.4,27.4,,84,,BibbKa00
291,Demetrius Harris,KAN,TE,25,16,11,0,0,0,0,0,0,0,,0,31,17,123,7.24,1,1,0,2,1,,26,43.3,46.3,34.8,,45,,HarrDe03
292,Jaron Brown,ARI,WR,26,7,2,0,0,0,0,0,0,0,,0,22,11,187,17,1,0,0,1,,,25,35.7,38.7,30.2,,120,,BrowJa03
293,Alex Collins,SEA,RB,22,11,0,0,0,0,0,0,31,125,4.03,1,11,11,84,7.64,0,2,1,1,,,25,35.9,39.9,30.4,,85,,CollAl00
294,Seth Devalve,CLE,TE,23,12,2,0,0,0,0,0,0,0,,0,12,10,127,12.7,2,0,0,2,,,25,34.7,37.7,29.7,,48,,DevaSe00
295,Josh Huff,2TM,WR,25,10,2,0,1,0,0,0,4,15,3.75,0,23,16,113,7.06,1,0,0,2,,,25,40.8,43.8,32.8,,119,,HuffJo00
296,Jeff Janis,GNB,WR,25,16,1,0,0,0,0,0,2,38,19,1,19,11,93,8.45,1,0,0,2,,,25,36.1,36.1,30.6,,118,,JaniJe00
297,Charone Peake,NYJ,WR,24,15,1,0,0,0,0,0,0,0,,0,35,19,186,9.79,0,0,0,1,,,25,43.6,46.6,34.1,,121,,PeakCh00
298,Mychal Rivera,OAK,TE,26,13,2,0,0,0,0,0,0,0,,0,25,18,192,10.67,1,0,0,1,,,25,43.2,46.2,34.2,,46,,RiveMy00
299,Mike Tolbert,CAR,RB,31,16,2,0,0,0,0,0,35,114,3.26,0,15,10,72,7.2,1,0,0,1,,,25,34.6,37.6,29.6,,86,,TolbMi00
300,Luke Willson,SEA,TE,26,11,6,0,0,0,0,0,0,0,,0,21,15,129,8.6,2,0,0,2,,,25,39.9,42.9,32.4,,47,,WillLu00
301,Orleans Darkwa,NYG,RB,24,10,2,0,0,0,0,0,30,111,3.7,2,4,2,12,6,0,0,0,2,,,24,26.3,29.3,25.3,,87,,DarkOr00
302,Kenneth Farrow,SDG,RB,23,13,2,0,0,0,0,0,60,192,3.2,0,16,13,70,5.38,0,2,1,0,,,24,37.2,41.2,30.7,,88,,FarrKe02
303,Xavier Grimble,PIT,TE,24,13,2,0,0,0,0,0,0,0,,0,21,11,118,10.73,2,0,0,2,,,24,34.8,37.8,29.3,,49,,GrimXa00
304,Jalin Marshall,NYJ,WR,21,10,1,0,0,0,0,0,0,0,,0,23,14,162,11.57,2,4,2,2,,,24,38.2,43.2,31.2,,122,,MarsJa01
305,Charles Johnson,MIN,WR,27,16,7,0,0,0,0,0,0,0,,0,37,20,232,11.6,0,0,0,0,,,23,43.2,46.2,33.2,,123,,JohnCh08
306,Marcedes Lewis,JAX,TE,32,10,10,0,0,0,0,0,0,0,,0,30,20,169,8.45,1,0,0,1,,,23,42.9,45.9,32.9,,50,,LewiMa00
307,Jordan Norwood,DEN,WR,30,14,6,0,0,0,0,0,1,0,0,0,35,21,232,11.05,1,5,3,1,,,23,44.2,50.2,33.7,,124,,NorwJo00
308,Ameer Abdullah,DET,RB,23,2,2,0,0,0,0,0,18,101,5.61,0,5,5,57,11.4,1,0,0,1,,,22,26.8,29.8,24.3,,90,,AbduAm00
309,Ronnie Hillman,2TM,RB,25,8,1,0,0,0,0,0,41,131,3.2,0,15,7,93,13.29,0,0,0,0,,,22,29.4,32.4,25.9,,89,,HillRo00
310,Ben Koyack,JAX,TE,23,14,7,0,0,0,0,0,0,0,,0,24,19,161,8.47,1,0,0,1,,,22,41.1,44.1,31.6,,51,,KoyaBe00
311,Roger Lewis,NYG,WR,23,13,1,0,0,0,0,0,0,0,,0,19,7,97,13.86,2,0,0,2,,,22,28.7,28.7,25.2,,126,,LewiRo03
312,Marquess Wilson,CHI,WR,24,3,1,0,0,0,0,0,0,0,,0,16,9,160,17.78,1,0,0,1,,,22,31,34,26.5,,125,,WilsMa02
313,Harry Douglas,TEN,WR,32,11,2,0,0,0,0,0,0,0,,0,22,15,210,14,0,0,0,0,,,21,36,39,28.5,,128,,DougHa00
314,Lance Dunbar,DAL,RB,26,13,0,0,0,0,0,0,9,31,3.44,1,24,16,122,7.63,0,1,0,1,,,21,37.3,40.3,29.3,,91,,DunbLa00
315,Darren Fells,ARI,TE,30,14,7,0,0,0,0,0,0,0,,0,18,14,154,11,1,0,0,1,,,21,35.4,38.4,28.4,,52,,FellDa01
316,Josh Hill,NOR,TE,26,9,8,0,0,0,0,0,0,0,,0,22,15,149,9.93,1,0,0,1,,,21,35.9,38.9,28.4,,54,,HillJo02
317,Andre Johnson,TEN,WR,35,8,4,0,0,0,0,0,0,0,,0,22,9,85,9.44,2,0,0,2,,,21,29.5,29.5,25,,129,,JohnAn02
318,Ricardo Louis,CLE,WR,22,16,3,0,0,0,0,0,0,0,,0,35,18,205,11.39,0,1,0,0,,,21,38.5,41.5,29.5,,130,,LouiRi00
319,Austin Seferian-Jenkins,2TM,TE,24,9,2,0,0,0,0,0,0,0,,0,20,13,154,11.85,1,0,0,1,,,21,34.4,37.4,27.9,,53,,SefeAu00
320,Darren Waller,BAL,TE,24,12,3,0,0,0,0,0,0,0,,0,17,10,85,8.5,2,0,0,2,,,21,30.5,30.5,25.5,,55,,WallDa01
321,Danny Woodhead,SDG,WR,31,2,1,0,0,0,0,0,19,116,6.11,0,8,6,35,5.83,1,0,0,1,,,21,27.1,30.1,24.1,,127,,WoodDa02
322,Cody Core,CIN,WR,22,8,4,0,0,0,0,0,0,0,,0,27,17,200,11.76,0,0,0,0,,,20,37,40,28.5,,132,,CoreCo00
323,Anthony Fasano,TEN,TE,32,16,10,0,0,0,0,0,0,0,,0,13,8,83,10.38,2,0,0,2,,,20,28.3,28.3,24.3,,56,,FasaAn00
324,Jonathan Grimes,HOU,RB,27,10,0,0,0,0,0,0,23,105,4.57,0,18,13,94,7.23,0,0,0,0,,,20,32.9,35.9,26.4,,92,,GrimJo01
325,Freddie Martino,TAM,WR,25,13,0,0,0,0,0,0,0,0,,0,11,8,142,17.75,1,0,0,1,,,20,28.2,31.2,24.2,,131,,MartFr00
326,Bobby Rainey,NYG,RB,29,15,0,0,0,0,0,0,17,63,3.71,0,25,20,153,7.65,0,1,1,0,,,20,39.6,43.6,29.6,,93,,RainBo00
327,Kevin White,CHI,WR,24,4,4,0,0,0,0,0,1,9,9,0,36,19,187,9.84,0,0,0,0,,,20,38.6,41.6,29.1,,133,,WhitKe00
328,Benny Cunningham,LAR,RB,26,11,0,0,0,0,0,0,21,101,4.81,0,21,16,91,5.69,0,1,0,0,,,19,35.2,38.2,27.2,,94,,CunnBe01
329,Ed Dickson,CAR,TE,29,16,8,0,0,0,0,0,0,0,,0,19,10,134,13.4,1,0,0,1,,,19,29.4,32.4,24.4,,57,,DickEd00
330,Jerell Adams,NYG,TE,24,13,2,0,0,0,0,0,0,0,,0,21,16,122,7.63,1,1,0,1,,,18,34.2,37.2,26.2,,59,,AdamJe01
331,Arrelious Benn,JAX,WR,28,15,0,0,0,0,0,0,0,0,,0,10,5,116,23.2,1,0,0,1,,,18,22.6,25.6,20.1,,134,,BennAr00
332,Daniel Brown,2TM,TE,24,8,3,0,0,0,0,0,0,0,,0,20,16,124,7.75,1,0,0,1,,,18,34.4,37.4,26.4,,58,,BrowDa04
333,Ka'Deem Carey,CHI,RB,24,12,0,0,0,0,0,0,32,126,3.94,0,7,5,55,11,0,0,0,0,,,18,23.1,26.1,20.6,,95,,CareKa00
334,Andre Ellington,ARI,RB,27,16,0,0,0,0,0,0,34,96,2.82,0,19,12,85,7.08,0,0,0,0,,,18,30.1,30.1,24.1,,96,,ElliAn00
335,Tom Savage,HOU,QB,26,3,2,46,73,461,0,0,6,12,2,0,0,0,0,,0,1,1,0,,,18,17.6,21.6,17.6,,46,,SavaTo00
336,Derek Anderson,CAR,QB,33,5,2,36,53,453,2,5,1,4,4,0,0,0,0,,0,1,1,0,,1,17,16.5,25.5,21.5,,48,,AndeDe00
337,Reggie Bush,BUF,RB,31,13,0,0,0,0,0,0,12,-3,-0.25,1,10,7,90,12.86,0,1,0,1,1,,17,23.7,23.7,20.2,,97,,BushRe00
338,MarQueis Gray,MIA,TE,27,16,7,0,0,0,0,0,0,0,,0,17,14,174,12.43,0,0,0,0,,,17,31.4,34.4,24.4,,60,,GrayMa00
339,Kevin Hogan,CLE,QB,24,4,0,14,26,104,0,2,8,105,13.13,1,0,0,0,,0,0,0,1,,,17,16.7,21.7,18.7,,47,,HogaKe00
340,Vincent Jackson,TAM,WR,33,5,5,0,0,0,0,0,0,0,,0,32,15,173,11.53,0,0,0,0,,,17,32.3,35.3,24.8,,135,,JackVi00
341,Denard Robinson,JAX,RB,26,13,1,0,0,0,0,0,41,144,3.51,0,5,3,22,7.33,0,0,0,0,,,17,19.6,22.6,18.1,,98,,RobiDe00
342,Brandon Tate,BUF,WR,29,15,1,0,0,0,0,0,3,48,16,0,12,8,117,14.63,0,0,0,0,,,17,24.5,27.5,20.5,,136,,TateBr00
343,Matt Cassel,TEN,QB,34,4,1,30,51,284,2,2,4,3,0.75,0,0,0,0,,0,1,0,0,,,16,15.7,17.7,17.7,,49,,CassMa00
344,Brent Celek,PHI,TE,31,16,8,0,0,0,0,0,0,0,,0,19,14,155,11.07,0,1,0,0,,,16,29.5,32.5,22.5,,61,,CeleBr00
345,Josh Ferguson,IND,RB,23,16,0,0,0,0,0,0,15,20,1.33,0,26,20,136,6.8,0,1,0,0,,,16,35.6,38.6,25.6,,100,,FergJo02
346,Chris Johnson,ARI,RB,31,4,0,0,0,0,0,0,25,95,3.8,1,1,0,0,,0,0,0,1,,,16,15.5,15.5,15.5,,101,,JohnCh04
347,Braxton Miller,HOU,WR,24,10,6,0,0,0,0,0,3,0,0,0,28,15,99,6.6,1,0,0,1,,,16,30.9,30.9,23.4,,137,,MillBr03
348,Terron Ward,ATL,RB,24,5,0,0,0,0,0,0,31,151,4.87,0,2,1,11,11,0,0,0,0,,,16,17.2,20.2,16.7,,99,,WardTe00
349,Stephen Anderson,HOU,TE,23,13,0,0,0,0,0,0,0,0,,0,16,11,93,8.45,1,0,0,1,,,15,26.3,26.3,20.8,,62,,AndeSt01
350,Tyler Higbee,LAR,TE,23,16,7,0,0,0,0,0,0,0,,0,29,11,85,7.73,1,0,0,1,,,15,25.5,25.5,20,,63,,HigbTy00
351,Greg Salas,BUF,WR,28,2,1,0,0,0,0,0,0,0,,0,6,4,89,22.25,1,0,0,1,,,15,18.9,18.9,16.9,,139,,SalaGr00
352,Cecil Shorts,TAM,WR,29,9,5,0,0,0,0,0,0,0,,0,27,11,152,13.82,0,0,0,0,,,15,26.2,29.2,20.7,,138,,ShorCe00
353,Mack Brown,WAS,RB,25,9,0,0,0,0,0,0,8,82,10.25,1,1,1,-2,-2,0,0,0,1,,,14,15,15,14.5,,102,,BrowMa02
354,A.J. Derby,2TM,TE,25,10,3,0,0,0,0,0,0,0,,0,20,16,160,10,0,1,1,0,,,14,30,34,22,,65,,DerbA.00
355,Jeff Heuerman,DEN,TE,24,12,2,0,0,0,0,0,0,0,,0,17,9,141,15.67,0,0,0,0,,,14,23.1,26.1,18.6,,64,,HeueJe00
356,Akeem Hunt,HOU,RB,23,8,0,0,0,0,0,0,20,109,5.45,0,4,3,29,9.67,0,2,0,0,,,14,16.8,19.8,15.3,,103,,HuntAk01
357,Andy Janovich,DEN,RB,23,11,5,0,0,0,0,0,4,33,8.25,1,7,5,44,8.8,0,0,0,1,,,14,18.7,18.7,16.2,,104,,JanoAn00
358,Brandon Myers,TAM,TE,31,16,9,0,0,0,0,0,0,0,,0,14,7,59,8.43,1,0,0,1,1,,14,20.9,20.9,17.4,,66,,MyerBr00
359,Walt Powell,BUF,WR,25,9,2,0,0,0,0,0,0,0,,0,25,14,142,10.14,0,0,0,0,,,14,28.2,31.2,21.2,,140,,PoweWa00
360,Larry Donnell,NYG,TE,28,14,6,0,0,0,0,0,0,0,,0,22,15,92,6.13,1,1,1,1,,,13,28.2,29.2,20.7,,67,,DonnLa00
361,Arian Foster,MIA,RB,30,4,2,0,0,0,0,0,22,55,2.5,0,10,6,78,13,0,1,0,0,,,13,19.3,19.3,16.3,,106,,FostAr00
362,Crockett Gillmore,BAL,TE,25,7,5,0,0,0,0,0,0,0,,0,14,8,71,8.88,1,0,0,1,,,13,21.1,21.1,17.1,,69,,GillCr00
363,Chris Harper,SFO,WR,23,9,2,0,0,0,0,0,0,0,,0,21,13,133,10.23,0,0,0,0,,,13,26.3,29.3,19.8,,141,,HarpCh01
364,Chris Moore,BAL,WR,23,15,0,0,0,0,0,0,3,19,6.33,0,16,7,46,6.57,0,1,0,1,,,13,19.5,19.5,16,,146,,MoorCh00
365,Nick O'Leary,BUF,RB,24,16,7,0,0,0,0,0,0,0,,0,14,9,114,12.67,0,0,0,0,1,,13,22.4,25.4,17.9,,105,,OLeaNi00
366,John Phillips,2TM,TE,29,16,7,0,0,0,0,0,0,0,,0,15,10,72,7.2,1,0,0,1,,,13,23.2,23.2,18.2,,68,,PhilJo00
367,C.J. Spiller,2TM,RB,29,6,0,0,0,0,0,0,6,18,3,0,13,6,50,8.33,1,1,0,1,,,13,18.8,18.8,15.8,,107,,SpilC.00
368,Jaelen Strong,HOU,WR,22,8,2,0,0,0,0,0,0,0,,0,24,14,131,9.36,0,0,0,0,,,13,27.1,30.1,20.1,,142,,StroJa01
369,Paul Turner,PHI,WR,23,4,2,0,0,0,0,0,0,0,,0,14,9,126,14,0,0,0,0,,,13,21.6,24.6,17.1,,145,,TurnPa01
370,Markus Wheaton,PIT,WR,25,3,2,0,0,0,0,0,0,0,,0,9,4,51,12.75,1,0,0,1,1,,13,17.1,17.1,15.1,,143,,WheaMa00
371,Jarius Wright,MIN,WR,27,8,1,0,0,0,0,0,0,0,,0,14,11,67,6.09,1,0,0,1,,,13,23.7,23.7,18.2,,144,,WrigJa02
372,Jordan Cameron,MIA,TE,28,3,3,0,0,0,0,0,0,0,,0,11,8,60,7.5,1,0,0,1,,,12,20,20,16,,71,,CameJo00
373,Mike Davis,SFO,RB,23,8,1,0,0,0,0,0,19,50,2.63,1,5,3,25,8.33,0,1,1,1,,,12,14.5,15.5,13,,110,,DaviMi01
374,Rhett Ellison,MIN,RB,28,15,6,0,0,0,0,0,1,1,1,1,14,9,57,6.33,0,0,0,1,,,12,20.8,20.8,16.3,,109,,ElliRh00
375,Brittan Golden,ARI,WR,28,12,1,0,0,0,0,0,0,0,,0,14,8,82,10.25,1,1,1,1,,,12,20.2,21.2,16.2,,147,,GoldBr00
376,Dominique Jones,MIA,TE,29,9,2,0,0,0,0,0,0,0,,0,10,7,61,8.71,1,0,0,1,,,12,19.1,19.1,15.6,,70,,JoneDo01
377,Jordan Todman,IND,RB,26,16,0,0,0,0,0,0,9,59,6.56,0,1,0,0,,0,0,0,1,,,12,11.9,11.9,11.9,,108,,TodmJo00
378,Jamaal Charles,KAN,RB,30,3,0,0,0,0,0,0,12,40,3.33,1,3,2,14,7,0,0,0,1,,,11,13.4,13.4,12.4,,111,,CharJa00
379,Patrick DiMarco,ATL,RB,27,16,8,0,0,0,0,0,0,0,,0,10,7,52,7.43,1,0,0,1,,,11,18.2,18.2,14.7,,113,,DiMaPa00
380,Neal Sterling,JAX,WR,24,10,1,0,0,0,0,0,0,0,,0,16,12,110,9.17,0,0,0,0,,,11,23,26,17,,148,,SterNe00
381,Lucky Whitehead,DAL,WR,24,15,1,0,0,0,0,0,10,82,8.2,0,3,3,48,16,0,3,1,0,,,11,14,15,12.5,,149,,WhitLu00
382,Jonathan Williams,BUF,RB,22,11,0,0,1,0,0,0,27,94,3.48,1,2,1,0,0,0,2,2,1,,,11,12.4,14.4,11.9,,112,,WillJo07
383,Demarcus Ayers,PIT,WR,22,2,1,0,0,0,0,0,2,-12,-6,0,13,6,53,8.83,1,0,0,1,,,10,16.1,16.1,13.1,,150,,AyerDe00
384,Alan Cross,TAM,TE,23,14,0,0,0,0,0,0,0,0,,0,10,6,38,6.33,1,0,0,1,,,10,15.8,15.8,12.8,,74,,CrosAl00
385,Shaun Hill,MIN,QB,36,3,1,19,35,242,0,0,5,5,1,0,0,0,0,,0,0,0,0,,,10,10.2,10.2,10.2,,50,,HillSh00
386,David Johnson,PIT,TE,29,16,5,0,0,0,0,0,0,0,,0,11,7,80,11.43,0,0,0,0,1,,10,17,17,13.5,,73,,JohnDa05
387,Darren McFadden,DAL,RB,29,3,1,0,0,0,0,0,24,87,3.63,0,5,3,17,5.67,0,0,0,0,,,10,13.4,13.4,11.9,,114,,McFaDa00
388,Joshua Perkins,ATL,TE,23,8,1,0,0,0,0,0,0,0,,0,5,3,42,14,1,0,0,1,,,10,13.2,13.2,11.7,,72,,PerkJo02
389,Antone Smith,TAM,RB,31,3,0,0,0,0,0,0,10,47,4.7,0,9,6,77,12.83,0,2,1,0,,,10,16.4,17.4,13.4,,115,,SmitAn01
390,James Wright,CIN,WR,25,13,2,0,0,0,0,0,2,-6,-3,0,19,13,106,8.15,0,0,0,0,,,10,23,26,16.5,,151,,WrigJa03
391,George Atkinson,CLE,RB,24,16,0,0,0,0,0,0,7,34,4.86,1,0,0,0,,0,1,0,1,,,9,9.4,9.4,9.4,,116,,AtkiGe01
392,Blake Bell,SFO,TE,25,13,0,0,0,0,0,0,0,0,,0,9,4,85,21.25,0,0,0,0,,,9,12.5,12.5,10.5,,77,,BellBl00
393,Leonte Carroo,MIA,WR,22,14,2,0,0,0,0,0,0,0,,0,6,3,29,9.67,1,0,0,1,,,9,11.9,11.9,10.4,,153,,CarrLe00
394,Pharoh Cooper,LAR,WR,21,10,3,0,1,0,0,1,0,0,,0,20,14,106,7.57,0,0,0,0,,,9,22.6,26.6,16.6,,156,,CoopPh00
395,Gavin Escobar,DAL,TE,25,16,1,0,0,0,0,0,0,0,,0,7,4,30,7.5,1,0,0,1,,,9,13,13,11,,76,,EscoGa00
396,Mike Glennon,TAM,QB,27,2,0,10,11,75,1,0,0,0,,0,0,0,0,,0,0,0,0,,1,9,9,9,9,,53,,GlenMi00
397,T.J. Jones,DET,WR,24,3,0,0,0,0,0,0,0,0,,0,14,5,93,18.6,0,0,0,0,,,9,14.3,14.3,11.8,,152,,JoneT.00
398,Tyler Kroft,CIN,TE,24,14,11,0,0,0,0,0,0,0,,0,12,10,92,9.2,0,0,0,0,,,9,19.2,19.2,14.2,,75,,KrofTy00
399,Tommylee Lewis,NOR,WR,24,12,1,0,0,0,0,0,3,11,3.67,0,11,7,76,10.86,0,2,0,0,,,9,15.7,15.7,12.2,,154,,LewiTo00
400,Marcel Reece,SEA,RB,31,4,0,0,0,0,0,0,2,0,0,0,5,5,73,14.6,0,0,0,0,1,,9,14.3,14.3,11.8,,117,,ReecMa00
401,Drew Stanton,ARI,QB,32,5,1,19,48,192,2,3,3,-3,-1,0,0,0,0,,0,0,0,0,,,9,9.4,12.4,12.4,,51,,StanDr00
402,Juwan Thompson,DEN,RB,24,8,1,0,0,0,0,0,8,26,3.25,1,1,0,0,,0,0,0,1,,,9,8.6,8.6,8.6,,122,,ThomJu01
403,Fitzgerald Toussaint,PIT,RB,26,16,0,0,0,0,0,0,14,58,4.14,0,3,3,33,11,0,0,0,0,,,9,12.1,12.1,10.6,,119,,TousFi00
404,Bryce Treggs,PHI,WR,22,9,1,0,0,0,0,0,2,7,3.5,0,12,3,80,26.67,0,0,0,0,,,9,11.7,11.7,10.2,,155,,TregBr00
405,Terrell Watson,PHI,RB,23,1,0,0,0,0,0,0,9,28,3.11,1,1,1,5,5,0,0,0,1,,,9,10.3,10.3,9.8,,118,,WatsTe00
406,Derek Watt,SDG,RB,24,16,2,0,0,0,0,0,2,4,2,0,4,4,83,20.75,0,0,0,0,,,9,12.7,12.7,10.7,,120,,WattDe00
407,Charlie Whitehurst,CLE,QB,34,1,0,14,24,182,1,1,2,1,0.5,0,0,0,0,,0,0,0,0,,,9,9.4,10.4,10.4,,52,,WhitCh02
408,Andre Williams,SDG,RB,24,1,0,0,0,0,0,0,18,87,4.83,0,2,0,0,,0,0,0,0,,,9,8.7,8.7,8.7,,121,,WillAn00
409,Trevone Boykin,SEA,QB,23,5,0,13,18,145,1,1,8,1,0.13,0,0,0,0,,0,1,0,0,,,8,7.9,8.9,8.9,,55,,BoykTr00
410,Ryan Grant,WAS,WR,26,16,1,0,0,0,0,0,0,0,,0,19,9,76,8.44,0,0,0,0,,,8,16.6,16.6,12.1,,158,,GranRy01
411,Connor Hamlett,CLE,TE,24,3,2,0,0,0,0,0,0,0,,0,1,1,17,17,1,0,0,1,,,8,8.7,8.7,8.2,,79,,HamlCo01
412,Rashard Higgins,CLE,WR,22,16,0,0,0,0,0,0,0,0,,0,12,6,77,12.83,0,0,0,0,,,8,13.7,13.7,10.7,,157,,HiggRa00
413,Cody Latimer,DEN,WR,24,12,1,0,0,0,0,0,0,0,,0,15,8,76,9.5,0,0,0,0,,,8,15.6,15.6,11.6,,159,,LatiCo00
414,Matt Lengel,NWE,TE,26,6,0,0,0,0,0,0,0,0,,0,3,2,22,11,1,0,0,1,,,8,10.2,10.2,9.2,,78,,LengMa00
415,Geno Smith,NYJ,QB,26,2,1,8,14,126,1,1,2,9,4.5,0,0,0,0,,0,1,0,0,,,8,7.9,8.9,8.9,,54,,SmitGe00
416,Wendall Williams,HOU,WR,26,3,0,0,0,0,0,0,0,0,,0,7,4,75,18.75,0,0,0,0,,,8,11.5,11.5,9.5,,160,,WillWe00
417,Malcolm Brown,LAR,RB,23,16,0,0,0,0,0,0,18,39,2.17,0,3,3,46,15.33,0,1,1,0,,,7,9.5,10.5,8,,125,,BrowMa03
418,Aaron Burbridge,SFO,WR,23,16,3,0,0,0,0,0,0,0,,0,16,7,88,12.57,0,1,1,0,,,7,13.8,14.8,10.3,,164,,BurbAa00
419,Michael Campanaro,BAL,WR,25,3,0,0,0,0,0,0,3,72,24,0,1,0,0,,0,0,0,0,,,7,7.2,7.2,7.2,,161,,CampMi02
420,Josh Doctson,WAS,WR,24,2,0,0,0,0,0,0,0,0,,0,6,2,66,33,0,0,0,0,,,7,8.6,8.6,7.6,,165,,DoctJo00
421,Alex Erickson,CIN,WR,24,16,0,0,0,0,0,0,0,0,,0,8,6,71,11.83,0,3,0,0,,,7,13.1,13.1,10.1,,162,,EricAl01
422,Jerome Felton,BUF,RB,30,15,4,0,0,0,0,0,8,13,1.63,0,9,6,57,9.5,0,0,0,0,,,7,13,13,10,,124,,FeltJe00
423,Maurice Harris,WAS,WR,24,10,0,0,0,0,0,0,0,0,,0,12,8,66,8.25,0,1,0,0,,,7,14.6,14.6,10.6,,166,,HarrMa05
424,EJ Manuel,BUF,QB,26,6,1,11,26,131,0,0,8,22,2.75,0,0,0,0,,0,2,1,0,,1,7,7.4,8.4,7.4,,56,,ManuEJ00
425,Byron Marshall,PHI,RB,22,3,0,0,0,0,0,0,19,64,3.37,0,5,3,10,3.33,0,0,0,0,,,7,10.4,10.4,8.9,,123,,MarsBy01
426,Keith Mumphery,HOU,WR,24,11,3,0,0,0,0,0,0,0,,0,12,10,69,6.9,0,0,0,0,,,7,16.9,16.9,11.9,,163,,MumpKe00
427,Geoff Swaim,DAL,TE,23,9,6,0,0,0,0,0,0,0,,0,8,6,69,11.5,0,0,0,0,,,7,12.9,12.9,9.9,,80,,SwaiGe00
428,Keenan Allen,SDG,WR,24,1,1,0,0,0,0,0,0,0,,0,7,6,63,10.5,0,0,0,0,,,6,12.3,12.3,9.3,,169,,AlleKe00
429,Jace Amaro,TEN,TE,24,3,0,0,0,0,0,0,0,0,,0,4,3,59,19.67,0,0,0,0,,,6,8.9,8.9,7.4,,84,,AmarJa00
430,Brandon Bostick,NYJ,TE,27,16,7,0,0,0,0,0,0,0,,0,11,8,63,7.88,0,0,0,0,,,6,14.3,14.3,10.3,,81,,BostBr00
431,Connor Cook,OAK,QB,23,1,0,14,21,150,1,1,0,0,,0,0,0,0,,0,2,1,0,,,6,6,8,7,,57,,CookCo00
432,Trevor Davis,GNB,WR,23,11,0,0,0,0,0,0,0,0,,0,7,3,24,8,1,2,1,1,,,6,9.4,10.4,7.9,,167,,DaviTr03
433,Johnny Holton,OAK,WR,26,15,0,0,0,0,0,0,6,43,7.17,0,3,2,34,17,0,1,1,0,,,6,7.7,8.7,6.7,,171,,HoltJo00
434,Adrian Peterson,MIN,RB,31,3,3,0,0,0,0,0,37,72,1.95,0,6,3,8,2.67,0,1,1,0,,,6,9,10,7.5,,126,,PeteAd01
435,Phillip Supernaw,TEN,TE,26,15,2,0,0,0,0,0,0,0,,0,5,4,62,15.5,0,0,0,0,,,6,10.2,10.2,8.2,,82,,SupePh00
436,De'Anthony Thomas,KAN,WR,23,12,0,0,0,0,0,0,4,29,7.25,0,9,7,35,5,0,0,0,0,,,6,13.4,13.4,9.9,,168,,ThomDe05
437,D.J. Tialavea,ATL,TE,25,2,0,0,0,0,0,0,0,0,,0,1,1,1,1,1,0,0,1,,,6,7.1,7.1,6.6,,83,,TialD.00
438,Nick Williams,ATL,WR,26,2,0,0,0,0,0,0,0,0,,0,7,5,59,11.8,0,0,0,0,,,6,10.9,10.9,8.4,,170,,WillNi02
439,Javorius Allen,BAL,RB,25,8,0,0,0,0,0,0,9,34,3.78,0,4,3,15,5,0,0,0,0,,,5,7.9,7.9,6.4,,128,,AlleJa01
440,Knile Davis,2TM,RB,25,11,0,0,0,0,0,0,18,28,1.56,0,7,5,25,5,0,0,0,0,,,5,10.3,10.3,7.8,,127,,DaviKn00
441,Dwayne Harris,NYG,WR,29,16,1,0,0,0,0,0,0,0,,0,1,1,13,13,1,3,1,1,,,5,6.3,7.3,5.8,,172,,HarrDw00
442,Tavarres King,NYG,WR,26,7,0,0,0,0,0,0,0,0,,0,4,2,50,25,0,0,0,0,,,5,7,7,6,,173,,KingTa00
443,Ifeanyi Momah,ARI,WR,27,5,1,0,0,0,0,0,0,0,,0,4,2,50,25,0,0,0,0,,,5,7,7,6,,174,,MomaIf00
444,Troymaine Pope,2TM,RB,23,4,0,0,0,0,0,0,12,44,3.67,0,2,1,5,5,0,0,0,0,,,5,5.9,5.9,5.4,,129,,PopeTr00
445,Tony Romo,DAL,QB,36,1,0,3,4,29,1,0,0,0,,0,0,0,0,,0,0,0,0,,,5,5.2,5.2,5.2,,58,,RomoTo00
446,Brandon Wilds,NYJ,RB,23,4,0,0,0,0,0,0,10,27,2.7,0,2,2,20,10,0,0,0,0,,,5,6.7,6.7,5.7,,130,,WildBr01
447,Nick Boyle,BAL,TE,23,6,0,0,0,0,0,0,0,0,,0,6,6,44,7.33,0,0,0,0,,,4,10.4,10.4,7.4,,85,,BoylNi00
448,Ben Braunecker,CHI,TE,22,13,2,0,0,0,0,0,0,0,,0,6,4,41,10.25,0,0,0,0,,,4,8.1,8.1,6.1,,86,,BrauBe00
449,Quan Bray,IND,WR,23,6,0,0,0,0,0,0,1,7,7,0,4,3,36,12,0,0,0,0,,,4,7.3,7.3,5.8,,175,,BrayQu00
450,Jakeem Grant,MIA,WR,24,16,0,0,0,0,0,0,1,1,1,0,1,0,0,,0,4,1,1,,,4,4.1,5.1,4.1,,176,,GranJa00
451,Mike James,TAM,RB,25,4,0,0,0,0,0,0,4,19,4.75,0,4,4,22,5.5,0,0,0,0,,,4,8.1,8.1,6.1,,132,,JameMi00
452,Taiwan Jones,OAK,RB,28,13,0,0,0,0,0,0,1,-8,-8,0,4,4,43,10.75,0,0,0,0,,,4,7.5,7.5,5.5,,133,,JoneTa00
453,Daniel Lasco,NOR,RB,24,7,0,0,0,0,0,0,11,32,2.91,0,4,2,11,5.5,0,0,0,0,,,4,6.3,6.3,5.3,,131,,LascDa00
454,Bradley Marquez,LAR,WR,24,14,0,0,0,0,0,0,1,2,2,0,7,3,37,12.33,0,0,0,0,,,4,6.9,6.9,5.4,,177,,MarqBr00
455,Dexter McCluster,SDG,WR,27,6,0,0,0,0,0,0,3,2,0.67,0,11,7,36,5.14,0,0,0,0,,,4,10.8,10.8,7.3,,178,,McClDe00
456,Justin Perillo,GNB,TE,25,9,1,0,0,0,0,0,0,0,,0,5,4,35,8.75,0,0,0,0,,,4,7.5,7.5,5.5,,88,,PeriJu00
457,Brandon Williams,SEA,TE,29,16,1,0,0,0,0,0,0,0,,0,3,2,36,18,0,0,0,0,,,4,5.6,5.6,4.6,,87,,WillBr04
458,D.J. Foster,NWE,RB,23,3,0,0,0,0,0,0,7,24,3.43,0,2,1,2,2,0,0,0,0,,,3,3.6,3.6,3.1,,137,,FostD.01
459,Don Jackson,GNB,RB,23,3,1,0,0,0,0,0,10,32,3.2,0,1,0,0,,0,0,0,0,,,3,3.2,3.2,3.2,,134,,JackDo01
460,Malcolm Johnson,CLE,RB,24,7,1,0,0,0,0,0,1,2,2,0,7,5,44,8.8,0,1,1,0,,,3,7.6,8.6,5.1,,138,,JohnMa06
461,Sean McGrath,SDG,TE,29,16,5,0,0,0,0,0,0,0,,0,2,2,25,12.5,0,0,0,0,,,3,4.5,4.5,3.5,,91,,McGrSe00
462,Niles Paul,WAS,WR,27,8,1,0,0,0,0,0,0,0,,0,2,2,27,13.5,0,0,0,0,,,3,4.7,4.7,3.7,,179,,PaulNi00
463,Isaiah Pead,MIA,RB,27,3,0,0,0,0,0,0,8,22,2.75,0,1,1,6,6,0,0,0,0,,,3,3.8,3.8,3.3,,135,,PeadIs00
464,Lee Smith,OAK,TE,29,4,4,0,0,0,0,0,0,0,,0,6,6,29,4.83,0,0,0,0,,,3,8.9,8.9,5.9,,90,,SmitLe00
465,Nick Vannett,SEA,TE,23,9,2,0,0,0,0,0,0,0,,0,4,3,32,10.67,0,0,0,0,,,3,6.2,6.2,4.7,,89,,VannNi00
466,Danny Vitale,CLE,RB,23,9,3,0,0,0,0,0,0,0,,0,5,4,27,6.75,0,0,0,0,,,3,6.7,6.7,4.7,,136,,VitaDa00
467,Antonio Andrews,TEN,RB,24,16,0,0,0,0,0,0,2,15,7.5,0,0,0,0,,0,0,0,0,,,2,1.5,1.5,1.5,,141,,AndrAn00
468,Brenton Bersin,CAR,WR,26,10,0,0,0,0,0,0,0,0,,0,6,2,17,8.5,0,0,0,0,,,2,3.7,3.7,2.7,,186,,BersBr00
469,Brandon Bolden,NWE,RB,26,14,0,0,0,0,0,0,1,4,4,0,4,2,15,7.5,0,0,0,0,,,2,3.9,3.9,2.9,,139,,BoldBr00
470,Damiere Byrd,CAR,WR,23,1,0,0,0,0,0,0,0,0,,0,1,1,16,16,0,0,0,0,,,2,2.6,2.6,2.1,,189,,ByrdDa00
471,James Develin,NWE,TE,28,16,4,0,0,0,0,0,0,0,,0,6,3,18,6,0,0,0,0,,,2,4.8,4.8,3.3,,94,,DeveJa00
472,Jalston Fowler,TEN,RB,26,16,6,0,0,0,0,0,1,3,3,0,2,1,14,14,0,0,0,0,,,2,2.7,2.7,2.2,,140,,FowlJa00
473,Clay Harbor,2TM,TE,29,15,2,0,0,0,0,0,0,0,,0,3,3,19,6.33,0,0,0,0,,,2,4.9,4.9,3.4,,93,,HarbCl00
474,Percy Harvin,BUF,WR,28,2,1,0,0,0,0,0,1,11,11,0,4,2,6,3,0,0,0,0,,,2,3.7,3.7,2.7,,187,,HarvPe00
475,Cardale Jones,BUF,QB,24,1,0,6,11,96,0,1,1,-1,-1,0,0,0,0,,0,0,0,0,,,2,1.7,2.7,2.7,,59,,JoneCa01
476,Zach Line,MIN,RB,26,15,4,0,0,0,0,0,7,15,2.14,0,3,0,0,,0,0,0,0,,,2,1.5,1.5,1.5,,142,,LineZa01
477,Marc Mariani,TEN,WR,29,16,0,0,0,0,0,0,1,15,15,0,0,0,0,,0,1,0,0,,,2,1.5,1.5,1.5,,190,,MariMa00
478,Matt McGloin,OAK,QB,27,3,1,8,15,50,0,0,3,-3,-1,0,0,0,0,,0,0,0,0,,,2,1.7,1.7,1.7,,60,,McGlMa01
479,J.D. McKissic,SEA,WR,23,1,0,0,0,0,0,0,1,2,2,0,2,2,16,8,0,0,0,0,,,2,3.8,3.8,2.8,,185,,McKiJ.00
480,Logan Paulsen,CHI,TE,29,16,12,0,0,0,0,0,0,0,,0,10,3,15,5,0,0,0,0,,,2,4.5,4.5,3,,96,,PaulLo00
481,Cedric Peerman,CIN,RB,30,6,0,0,0,0,0,0,6,15,2.5,0,1,0,0,,0,0,0,0,,,2,1.5,1.5,1.5,,143,,PeerCe00
482,Jay Prosch,HOU,RB,24,15,1,0,0,0,0,0,4,9,2.25,0,1,1,6,6,0,0,0,0,,,2,2.5,2.5,2,,144,,ProsJa00
483,DeAndre Smelter,SFO,WR,25,2,0,0,0,0,0,0,0,0,,0,1,1,23,23,0,0,0,0,,,2,3.3,3.3,2.8,,181,,SmelDe00
484,Devin Smith,NYJ,WR,24,4,0,0,0,0,0,0,0,0,,0,3,1,20,20,0,0,0,0,,,2,3,3,2.5,,183,,SmitDe04
485,Luke Stocker,TAM,TE,28,12,10,0,0,0,0,0,0,0,,0,8,5,23,4.6,0,0,0,0,,,2,7.3,7.3,4.8,,92,,StocLu00
486,Devin Street,IND,WR,25,5,0,0,0,0,0,0,0,0,,0,6,1,20,20,0,0,0,0,,,2,3,3,2.5,,184,,StreDe00
487,Mike Thomas,LAR,WR,22,15,0,0,0,0,0,0,0,0,,0,9,3,37,12.33,0,1,1,0,,,2,4.7,5.7,3.2,,188,,ThomMi04
488,Ross Travis,KAN,TE,23,6,3,0,0,0,0,0,0,0,,0,6,3,15,5,0,0,0,0,,,2,4.5,4.5,3,,97,,TravRo00
489,Laquon Treadwell,MIN,WR,21,9,1,0,0,0,0,0,0,0,,0,3,1,15,15,0,0,0,0,,,2,2.5,2.5,2,,191,,TreaLa00
490,Griff Whalen,SDG,WR,26,8,0,0,0,0,0,0,0,0,,0,4,2,22,11,0,0,0,0,,,2,4.2,4.2,3.2,,182,,WhalGr00
491,Cole Wick,DET,TE,23,6,0,0,0,0,0,0,0,0,,0,3,2,18,9,0,0,0,0,,,2,3.8,3.8,2.8,,95,,WickCo00
492,Shane Wynn,JAX,WR,24,5,0,0,0,0,0,0,2,5,2.5,0,3,1,19,19,0,0,0,0,,,2,3.4,3.4,2.9,,180,,WynnSh00
493,Jared Abbrederis,GNB,WR,26,5,0,0,0,0,0,0,0,0,,0,2,1,8,8,0,0,0,0,,,1,1.8,1.8,1.3,,195,,AbbrJa00
494,Joe Banyard,JAX,RB,28,1,0,0,0,0,0,0,2,7,3.5,0,0,0,0,,0,0,0,0,,,1,0.7,0.7,0.7,,151,,BanyJo00
495,Jeremy Butler,SDG,WR,25,4,0,0,0,0,0,0,0,0,,0,2,2,11,5.5,0,0,0,0,,,1,3.1,3.1,2.1,,193,,ButlJe01
496,Derek Carrier,WAS,TE,26,8,0,0,0,0,0,0,0,0,,0,2,2,10,5,0,0,0,0,,,1,3,3,2,,104,,CarrDe00
497,Gerald Christian,BUF,TE,25,3,0,0,0,0,0,0,0,0,,0,2,1,14,14,0,0,0,0,,,1,2.4,2.4,1.9,,98,,ChriGe00
498,Chase Daniel,PHI,QB,30,1,0,1,1,16,0,0,0,0,,0,0,0,0,,0,0,0,0,,,1,0.6,0.6,0.6,,62,,DaniCh00
499,Alex Ellis,JAX,TE,23,6,3,0,0,0,0,0,0,0,,0,4,3,11,3.67,0,0,0,0,,,1,4.1,4.1,2.6,,103,,ElliAl01
500,David Fales,CHI,QB,26,1,0,2,5,22,0,0,1,0,0,0,0,0,0,,0,1,0,0,,,1,0.9,0.9,0.9,,61,,FaleDa00
501,George Farmer,SEA,RB,23,2,0,0,0,0,0,0,1,1,1,0,3,1,4,4,0,0,0,0,,,1,1.5,1.5,1,,155,,FarmGe02
502,Rashad Greene,JAX,WR,24,8,0,0,0,0,0,0,0,0,,0,8,5,32,6.4,0,4,1,0,,,1,6.2,7.2,3.7,,192,,GreeRa00
503,Je'Ron Hamm,SFO,TE,24,5,0,0,0,0,0,0,0,0,,0,4,2,13,6.5,0,0,0,0,,,1,3.3,3.3,2.3,,99,,HammJe01
504,Ryan Hewitt,CIN,TE,25,16,11,0,0,0,0,0,0,0,,0,3,2,13,6.5,0,0,0,0,,,1,3.3,3.3,2.3,,100,,HewiRy00
505,Bronson Hill,JAX,RB,23,3,0,0,0,0,0,0,2,11,5.5,0,1,0,0,,0,0,0,0,,,1,1.1,1.1,1.1,,147,,HillBr01
506,Henry Krieger-Coble,DEN,TE,24,2,0,0,0,0,0,0,0,0,,0,1,1,13,13,0,0,0,0,,,1,2.3,2.3,1.8,,101,,KrieHe00
507,Paul Lasike,CHI,RB,26,10,3,0,0,0,0,0,3,8,2.67,0,1,1,3,3,0,0,0,0,,,1,2.1,2.1,1.6,,148,,LasiPa00
508,Terrence Magee,SEA,RB,23,2,0,0,0,0,0,0,3,12,4,0,0,0,0,,0,0,0,0,,,1,1.2,1.2,1.2,,145,,MageTe00
509,Chris Manhertz,2TM,TE,24,7,2,0,0,0,0,0,0,0,,0,1,1,10,10,0,0,0,0,,,1,2,2,1.5,,105,,ManhCh00
510,Paul McRoberts,LAR,WR,24,2,0,0,0,0,0,0,0,0,,0,1,1,6,6,0,0,0,0,,,1,1.6,1.6,1.1,,197,,McRoPa00
511,Raheem Mostert,2TM,RB,24,3,0,0,0,0,0,0,1,6,6,0,0,0,0,,0,0,0,0,,,1,0.6,0.6,0.6,,154,,MostRa00
512,Matthew Mulligan,DET,TE,31,8,0,0,0,0,0,0,0,0,,0,1,1,8,8,0,0,0,0,,,1,1.8,1.8,1.3,,106,,MullMa00
513,Roosevelt Nix,PIT,RB,24,10,2,0,0,0,0,0,0,0,,0,2,2,5,2.5,0,0,0,0,,,1,2.5,2.5,1.5,,156,,NixxRo01
514,MyCole Pruitt,2TM,TE,24,4,0,0,0,0,0,0,0,0,,0,2,2,13,6.5,0,0,0,0,,,1,3.3,3.3,2.3,,102,,PruiMy00
515,Daryl Richardson,PIT,RB,26,3,0,0,0,0,0,0,2,7,3.5,0,0,0,0,,0,0,0,0,,,1,0.7,0.7,0.7,,152,,RichDa00
516,Stevan Ridley,ATL,RB,27,1,0,0,0,0,0,0,3,7,2.33,0,0,0,0,,0,0,0,0,,,1,0.7,0.7,0.7,,153,,RidlSt00
517,Rashad Ross,WAS,WR,26,5,0,0,0,0,0,0,0,0,,0,1,1,8,8,0,0,0,0,,,1,1.8,1.8,1.3,,196,,RossRa00
518,Anthony Sherman,KAN,RB,28,16,3,0,0,0,0,0,0,0,,0,6,4,11,2.75,0,0,0,0,,,1,5.1,5.1,3.1,,149,,SherAn00
519,Lorenzo Taliaferro,BAL,RB,25,3,0,0,0,0,0,0,1,0,0,0,3,3,10,3.33,0,0,0,0,,,1,4,4,2.5,,150,,TaliLo00
520,Stepfan Taylor,ARI,RB,25,15,0,0,0,0,0,0,4,12,3,0,0,0,0,,0,0,0,0,,,1,1.2,1.2,1.2,,146,,TaylSt00
521,Tony Washington,JAX,WR,24,2,0,0,0,0,0,0,0,0,,0,1,1,9,9,0,0,0,0,,,1,1.9,1.9,1.4,,194,,WashTo00
522,Mario Alford,CLE,,24,3,0,0,0,0,0,0,0,0,,0,0,0,0,,0,0,0,0,,,,,,,,200,,AlfoMa00
523,Joique Bell,2TM,RB,30,7,0,0,0,0,0,0,3,6,2,0,1,1,-2,-2,0,0,0,0,,,,1.4,1.4,0.9,,157,,BellJo01
524,Braedon Bowman,NYJ,,22,3,0,0,0,0,0,0,0,0,,0,1,0,0,,0,,0,0,,,,,,,,109,,BowmBr00
525,Daniel Braverman,CHI,,23,3,0,0,0,0,0,0,0,0,,0,2,0,0,,0,,0,0,,,,,,,,201,,BravDa00
526,Brandon Burks,NYJ,RB,23,1,0,0,0,0,0,0,2,-4,-2,0,0,0,0,,0,0,0,0,,,,-0.4,-0.4,-0.4,,164,,BurkBr00
527,Isaiah Burse,SDG,,25,9,1,0,0,0,0,0,0,0,,0,4,0,0,,0,0,0,0,,,,,,,,202,,BursIs01
528,Michael Burton,DET,,24,15,0,0,0,0,0,0,0,0,,0,1,0,0,,0,,0,0,,,,,,,,1,,BurtMi00
529,Orson Charles,DET,,25,2,0,0,0,0,0,0,0,0,,0,0,0,0,,0,,0,0,,,,,,,,110,,CharOr00
530,Kellen Clemens,SDG,QB,33,12,0,0,1,0,0,0,2,-1,-0.5,0,0,0,0,,0,0,0,0,,,,-0.1,-0.1,-0.1,,66,,ClemKe00
531,Asante Cleveland,SDG,,24,4,0,0,0,0,0,0,0,0,,0,0,0,0,,0,,0,0,,,,,,,,111,,ClevAs00
532,Chase Coffman,IND,,30,2,0,0,0,0,0,0,0,0,,0,0,0,0,,0,,0,0,,,,,,,,112,,CoffCh00
533,Geremy Davis,SDG,,24,3,0,0,0,0,0,0,0,0,,0,2,0,0,,0,0,0,0,,,,,,,,203,,DaviGe00
534,Kellen Davis,NYJ,,31,8,7,0,0,0,0,0,0,0,,0,1,0,0,,0,0,0,0,,,,,,,,113,,DaviKe01
535,Jim Dray,2TM,,30,6,2,0,0,0,0,0,0,0,,0,0,0,0,,0,,0,0,,,,,,,,114,,DrayJi00
536,Thomas Duarte,MIA,,21,1,0,0,0,0,0,0,0,0,,0,0,0,0,,0,,0,0,,,,,,,,204,,DuarTh00
537,Donteea Dye,TAM,,23,1,0,0,0,0,0,0,0,0,,0,0,0,0,,0,,0,0,,,,,,,,205,,DyexDo00
538,Isaac Fruechte,MIN,,25,1,0,0,0,0,0,0,0,0,,0,1,0,0,,0,,0,0,,,,,,,,206,,FrueIs00
539,Aaron Green,LAR,,24,2,0,0,0,0,0,0,0,0,,0,0,0,0,,0,,0,0,,,,,,,,161,,GreeAa01
540,Glenn Gronkowski,BUF,,23,1,0,0,0,0,0,0,0,0,,0,0,0,0,,0,,0,0,,,,,,,,2,,GronGl01
541,Russell Hansbrough,TAM,,23,2,0,0,0,0,0,0,0,0,,0,0,0,0,,0,,0,0,,,,,,,,162,,HansRu00
542,Cory Harkey,LAR,,26,12,0,0,0,0,0,0,0,0,,0,0,0,0,,0,,0,0,,,,,,,,116,,HarkCo00
543,Clark Harris,CIN,,32,13,0,0,0,0,0,0,0,0,,0,0,0,0,,0,,0,0,,,,,,,,117,,HarrCl20
544,Temarrick Hemingway,LAR,,23,8,0,0,0,0,0,0,0,0,,0,0,0,0,,0,,0,0,,,,,,,,118,,HemiTe00
545,Chad Henne,JAX,QB,31,1,0,0,0,0,0,0,1,-2,-2,0,0,0,0,,0,0,0,0,,,,-0.2,-0.2,-0.2,,67,,HennCh01
546,Julian Howsare,NYJ,,24,2,0,0,0,0,0,0,0,0,,0,0,0,0,,0,0,0,0,,,,,,,,3,,HowsJu00
547,Joe Kerridge,GNB,RB,24,8,0,0,0,0,0,0,1,0,0,0,0,0,0,,0,0,0,0,,,,,,,,163,,KerrJo00
548,Jake Lampman,NOR,,23,6,0,0,0,0,0,0,0,0,,0,0,0,0,,0,,0,0,,,,,,,,207,,LampJa00
549,Khari Lee,DET,,24,8,0,0,0,0,0,0,0,0,,0,1,0,0,,0,,0,0,,,,,,,,119,,LeexKh00
550,Dezmin Lewis,BUF,,24,1,0,0,0,0,0,0,0,0,,0,1,0,0,,0,,0,0,,,,,,,,208,,LewiDe02
551,Tony Lippett,MIA,,24,16,13,0,0,0,0,0,0,0,,0,0,0,0,,0,0,0,0,,,,,,,,209,,LippTo00
552,Vince Mayle,DAL,,25,6,0,0,0,0,0,0,0,0,,0,0,0,0,,0,,0,0,,,,,,,,210,,MaylVi00
553,Tre McBride,TEN,,24,2,0,0,0,0,0,0,0,0,,0,0,0,0,,0,,0,0,,,,,,,,211,,McBrTr00
554,A.J. McCarron,CIN,,26,1,0,0,0,0,0,0,0,0,,0,0,0,0,,0,,0,0,,,,,,,,64,,McCaA.00
555,David Morgan,MIN,TE,23,12,0,0,0,0,0,0,0,0,,0,1,1,4,4,0,0,0,0,,,,1.4,1.4,0.9,,107,,MorgDa01
556,Marcus Murphy,NOR,RB,25,3,0,0,0,0,0,0,0,0,,0,1,1,3,3,0,0,0,0,,,,1.3,1.3,0.8,,159,,MurpMa03
557,Troy Niklas,ARI,TE,24,3,2,0,0,0,0,0,0,0,,0,2,1,0,0,0,0,0,0,,,,1,1,0.5,,120,,NiklTr00
558,James O'Shaughnessy,KAN,TE,24,16,3,0,0,0,0,0,0,0,,0,3,2,-1,-0.5,0,0,0,0,,,,1.9,1.9,0.9,,127,,O'ShJa00
559,Ryan O'Malley,OAK,,23,1,0,0,0,0,0,0,0,0,,0,0,0,0,,0,,0,0,,,,,,,,121,,OMalRy00
560,Jordan Payton,CLE,WR,23,4,0,0,0,0,0,0,0,0,,0,3,1,3,3,0,0,0,0,,,,1.3,1.3,0.8,,198,,PaytJo00
561,Demarcus Robinson,KAN,,22,16,0,0,0,0,0,0,0,0,,0,0,0,0,,0,,0,0,,,,,,,,212,,RobiDe01
562,Khiry Robinson,NYJ,RB,27,1,0,0,0,0,0,0,8,22,2.75,0,0,0,0,,0,1,1,0,,,,0.2,1.2,0.2,,160,,RobiKh00
563,Mark Sanchez,DAL,QB,30,2,0,10,18,93,0,2,4,-2,-0.5,0,0,0,0,,0,0,0,0,,,,-0.5,1.5,1.5,,68,,SancMa00
564,Matt Schaub,ATL,QB,35,4,0,1,3,16,0,0,2,-2,-1,0,0,0,0,,0,0,0,0,,,,0.4,0.4,0.4,,63,,SchaMa00
565,Rashawn Scott,MIA,,24,2,0,0,0,0,0,0,0,0,,0,0,0,0,,0,,0,0,,,,,,,,213,,ScotRa01
566,Scott Simonson,CAR,,24,5,1,0,0,0,0,0,0,0,,0,0,0,0,,0,,0,0,,,,,,,,122,,SimoSc00
567,Rod Smith,DAL,RB,24,7,0,0,0,0,0,0,0,0,,0,1,1,4,4,0,0,0,0,,,,1.4,1.4,0.9,,158,,SmitRo06
568,Tevaun Smith,IND,,23,2,0,0,0,0,0,0,0,0,,0,0,0,0,,0,,0,0,,,,,,,,214,,SmitTe03
569,Nate Solder,NWE,,28,15,15,0,0,0,0,0,0,0,,0,0,0,0,,0,,0,0,,,,,,,,123,,SoldNa00
570,Randall Telfer,CLE,TE,24,14,5,0,0,0,0,0,0,0,,0,7,2,4,2,0,0,0,0,,,,2.4,2.4,1.4,,108,,TelfRa00
571,Eric Tomlinson,NYJ,,24,7,5,0,0,0,0,0,0,0,,0,0,0,0,,0,,0,0,,,,,,,,124,,TomlEr01
572,Hakeem Valles,ARI,,24,11,1,0,0,0,0,0,0,0,,0,2,0,0,,0,,0,0,,,,,,,,125,,VallHa00
573,Joe Webb,CAR,WR,30,14,0,0,0,0,0,0,0,0,,0,3,1,3,3,0,0,0,0,,,,1.3,1.3,0.8,,199,,WebbJo00
574,Eric Weems,ATL,,31,16,0,0,0,0,0,0,0,0,,0,0,0,0,,0,0,0,0,,,,,,,,215,,WeemEr00
575,Kasen Williams,SEA,,24,1,0,0,0,0,0,0,0,0,,0,1,0,0,,0,,0,0,,,,,,,,216,,WillKa02
576,Maxx Williams,BAL,,22,4,0,0,0,0,0,0,0,0,,0,0,0,0,,0,,0,0,,,,,,,,126,,WillMa04
577,T.J. Yates,MIA,,29,0,0,0,0,0,0,0,0,0,,0,0,0,0,,0,0,0,0,,,,,,,,65,,YateT.00
578,Bralon Addison,CHI,RB,23,2,0,0,0,0,0,0,1,4,4,0,1,1,11,11,0,1,1,0,,,-1,0.5,1.5,,,165,,AddiBr01
579,Sean Mannion,LAR,QB,24,1,0,3,6,19,0,1,1,-1,-1,0,0,0,0,,0,1,0,0,,,-1,-1.3,-0.3,-0.3,,69,,MannSe00
580,Tyler Ervin,HOU,RB,23,12,0,0,0,0,0,0,1,3,3,0,5,3,18,6,0,3,2,0,,,-2,1.1,3.1,-0.4,,166,,ErviTy00
581,Brett Hundley,GNB,QB,23,4,0,2,10,17,0,1,3,-2,-0.67,0,0,0,0,,0,1,0,0,,,-2,-1.5,-0.5,-0.5,,70,,HundBr00
582,Keshawn Martin,SFO,,26,1,0,0,0,0,0,0,0,0,,0,0,0,0,,0,1,1,0,,,-2,-2,-1,-2,,218,,MartKe01
583,Kalif Raymond,DEN,,22,4,0,0,0,0,0,0,0,0,,0,2,0,0,,0,2,1,0,,,-2,-2,-1,-2,,219,,RaymKa00
584,Matthew Slater,NWE,WR,31,13,0,0,0,0,0,0,1,5,5,0,1,0,0,,0,2,1,0,,,-2,-1.5,-0.5,-1.5,,217,,SlatMa00